BUSCA;Retorno Esperado
ABDIAS;ABDIAS, ABIDIAS
ABEILARD;ABEILARD,ABELARD
ABELINO;ABELINO,AVELINO
ABNER;ABINER, ABNER,ABNE
ABRAO;ABRAO,ABRAAO
ADAIR;ADAHIR, ADAIR
ADALTO;ADALTO, ADAUTO
ADEMAR;ADEMHAR,ADEMAR,ADHEMAYR,ADHEMAR
ADILA;ADILA, ADILAR, ADILIA
ADILIO;ADILO,ADILIO
ADILSON;ADELSON, ADEYLSON, ADILSON,ADIRSON
ADIR;ADEIR, ADIR, ADYR
ADMILSON;ADEMILSON, ADENILSON, ADMILSON, ADNILSON
AFONSO;AFONSO,AFFONSO
AGDA;AGDA,AGUIDA
AGILSON;AGELSON, AGILSON
AGLICIO;AGLICIO, AGRICIO
AGNALDO;AGNALDO, AGUINALDO
AILSON;AELSON, AILSON
AILTON;AILTON,AHILTON,AIRTON,AYLTON,AYRTON,HAILTON,AELTON,AILTHON
ALAIR;ALAIR, ALAYR
ALAN;ALAN,ALLAN
ALAYR;ALAIR,ALAYR, ALOIR
ALBENIR;ALBENIR,ALBENY
ALCIDES;ALCEDES, ALCESTES, ALCIDES
ALCINO; ALCINEO, ALCINO
ALCIR;ALCI, ALCY,ALCIR
ALDECI;ALDECI,ALDECIR
ALDEMAR;ALDEMAR,ALDHEMAR
ALESSANDRA;ALESSANDRA,ALEXANDRA
ALESSANDRO;ALESSANDRO,ALEXSANDRO
ALEXANDRE;ALEXANDRE,ALEXSANDER
ALICIO;ALECIO,ALICIO,ALCIO
ALISSON;ALISSON,ALLISON,AILISON
ALOISIO;ALOISIO,ALOYSIO,ALUISIO,ALUIZIO,ALUIZO
ALONSO;ALONSO,ALONCIO,ALLONSO
ALTAIR;ALTAIR,ALTAYR
ALZIRA;ALCIRA, ALZIRA
AMADEUS;AMADEUS,AMADEUS
AMADO;AMADO,AMADOR
AMALIA;AMALIA,ANALIA
AMAURI;AMAURI,AMAURY,MAURI
AMBROSIO;AMBROSIO,AMBROZIO
AMBROZINO;AMBROZINO,AMBROSINO
ANA;ANA,ANNA
ANGELICA;ANGELICA,ANGELIKA
ANTERO;ANTERO,ANTHERO
ANTONIEL;ANTONIEL, ANTUNIEL
ANTONIETA;ANTONIETA,ANTONIETTA
ARGEMIRO;ARGEMIRO, ARGIMIRO
ARILTON;ALILTON, ARILTO, ARILTON,ARYLTON
ARINDA;ARINA, ARINDA,ARLINDA
ARLETE;ARLETE,ARLETH,ARLETTE
ARMEZINA;ARMEZINA, ARMEZINDA
ARMEZINA;ARMEZINA,ARMEZINDA
ARNOLDO;ARNALDO,ARNOLDO,ARNOBIO
AROLDO;AROLDO,HAROLDO
ARTEMIO;ALTEMIO, ALTHEMIO, ARTEMIO, HARTEMIO
ARTUR;ARTHUR, ARTUR
ATAIDE;ALTAIDE, ATAIDE, ATHAIDE, ATHAYDE
AVANI;AVANI,AVANY
AZIS;ASSIS, AZIS, AZIZ
BATISTA;BAPTISTA
BENEDITO;BENEDITO,BENEDICTO,BENEDETTO
BERENICE;BERENICE, BERENICIA
BERNADETE;BERNARDETH,BERNARDET,BERNARDETE
BERTA;BERTA, BERTHA
BEZALEEL;BEZALEEL,BEZALIEL
CARLOS;CARLOS,CARLLO
CARMELINA;CARMELINA,CARMELINDA
CARMEM;CARMEM,CARMEN
CARMOZINA;CARMOZINA,CARMOZITA
CASIMIRO;CASIMIRO,CASSEMIRO,CASSIMIRO
CATARINA;CATARINA,CATHARINA
CEDIR;CEDIR, CEDYR
CELI;CELI, CELIS, CELY
CELIA;CELIA,CLELIA
CELINA;CELINA,CELINEIA
CELINO;CELINO,ZELINO
CELITA;CELITA,ZELITA
CELUTA;CELUTA, SELUTA
CESAR;CESAR,CEZAR
CFISTOVAO;CRISTOVAO,CRISTOVAM
CHRISTIAN;CHRISTIAN,CRISTIAN
CILAS;CILAS,SILAS,SILLAS
CINESIO;SINEZIO,SINESIO
CIRLENE;SIRLENE
CLAUDEMIRO;CLAUDEMIRO,CLAUDOMIRO
CLAUDINEY;CLAUDINEY,CLAUDINEI
CLAYTON;CLAYTON,CLEITON,CLELTON
CLEBER;CLEBER,KLEBER,KEUBER
CLEBERSON;CLEBERSON,CLEBSON,CLEVERSON
CLEIDE;CLEIDE, CLEYDER
CLEIDSON;CLEDSON,CLEIDSON,CLEISSON
CLEMAR;CLEMAR,CLEOMAR
CLEMILDA;CLEMILDA,CREMILDA
CLEUSA;CLEUSA,CLEUZA,CREUSA,CREUZA
CLEYVERSON;CLEVERSON,CLEYVERSON
CLOVIS;CLOVIS,CLOVES
CORINA;COLINA, CORINA
CRISTIANO;CHRISTIANNO,CRISTIANO
CYRIO;CYRIO,CYRO,CIRO
DALTO;DALTO,DALTON
DARCI;DARCI,DARCY
DARI;DARI,DARLY,DARY
DAVI;DAVI,DAVID
DAYSE;DAISE, DASI, DAYSE
DEBORA;DEBORA,DEBORAH
DEJANIRA;DEJANIRA, DJANIRA
DELCI;DELCI,DELCY
DELMA;DELMA,DELMAR
DELVAIR;DELVAIR, DOLVAIR
DENICE;DENECY, DENICE, DENISE, DENIZE
DENIS;DENIS,DENYS
DEOCLECIO;DEOCLECIO,DEOCLESIO
DEUSEDETE;DEUSDEDIT, DEUSDETE
DEUSENIR;DEUSENIR, DEUSENY
DILMA;DILMA,DILMAR
DILZA;DILSA,DILZA
DINA;DINA,DINAH
DIOGENES;DEOGENES, DIOGENES
DIONISIO;DIONISIO,DIONIZIO
DIRSON;DIRSON,DIRSO
DJALMA;DEJALMA, DJALMA
DONISETE;DONISETE, DONIZETE, DONIZETTE, DONIZETTI
DORACI;DORACI,DORACY
DOROTEIA;DOROTHEA,DOROTEIA
EDER;EDER,HEDER
EDGAR;EDGAR,EDGARD
EDILIA;EDILA, EDILEA, EDILIA
EDIMILSON;EDIMILSON,EDMILSON
EDIMUNDO;EDIMUNDO,EDMUNDO
EDINEIA;EDINEIA,EDINEA,EDNEIA
EDITH;EDITE,EDITH
EDIVAN;EDIVAN,EDIVAM
EDIVAN;EDIVAN,EDIVAM
EDNA;EDNA,EDINA
EDNALDO;EDINALDO, EDNALDO
EDSON;EDESON, EDISON, EDSON
EDVALDO;EDEVALDO, EDIVALDO, EDVALDO
EDY;EDI, EDIE, EDY,EDYR
EFIGENIA;EPHIGENIA,EFIGENIA
EFRAIM;EFRAIM, FRAIM
ELCIO;ELCIO,HELCIO
ELENI;ELEMIR, ELENI,ELENIR, HELENI
ELIANA;HELIANA,ELIANA,HELEANA,ELIANE,ELAINE
ELIETE;ELIETE,ELYETTE
ELISEU;ELISEU,ELIZEU
ELIZA;ELIZA,ELISA
ELIZABETE;ELIZABETE,ELIZABETH,ELISABETE
ELIZETE;ELIZETE, ELIZETH
ELIZIO;ELIZIO,ELYSIO,ELISIO
ELOI;ELOY,ELOI
ELOISA;ELOISA,ELOIZIA,ELUIZA
ELTON;ELTON, ERTON, HELTON
ELVINA;ELVINA, ELVINIA
ELVIO;ELVIO, HELVIO
ELZO;ELZO,ELZU
ELZY;ELZY,ELZIO,ELZI,ELSIR
EMANOEL;EMANOEL,EMANUEL,EMMANOEL
EMERSON;EMERSON,HEMERSOM
ENIO;ENIO,ENNIO
ENOQUE;ENOQUE,ENOCK
ERALDO;ERALDO,HERALDO
ERENICE;ERENICE, EURENICE
ERNANE;ERNANE,ERNANI,ERNANDES
ERON;ERON,HERON
ESDRA;ESDRA,ESDRAS
ESTELITA;ESTELITA, ESTERLITA, ESTHERLITA
ESTER;ESTHER,ESTER
ESTEVAO;ESTEVAO,ESTEVAM,ESTEBAN
EUCILDES;EUCILDES,EUCLIDES
EVALDO;EVALDO, EWALDO, IVALDO
EVANDO;EVANDO,EVANDRO
EVERALDO;EVERALDO,EVERARDO
EVERTON;EVERTON,EWERTON,HEVERTON,WEVERTON
EVONETE;EVONETE,IVONETE,YVONETE
FELIPE;PHILLIPE,FELIPE,FELIPPE,FILIPE
FILOMENA;PHILOMENA,FILOMENA
FLAVIUS,FLAVIO;FLAVIUS,FLAVIO
FLORENCIO;FILORENCIO, FLORENCIO
FLORENCIO;FILORENCIO, FLORENCIO
FRANCLIN;FRANCLIN, FRANKLIN
FRED;FLEUD, FRED
GECYR;GECYR,GESSI, GESSY
GELTON;GELTON, GILTON
GENARIO;GENARIO,GENARO
GENI;GENES, GENI, GENY, JENNY
GENILDO;GENALDO, GENILDO
GENILSON;GENILSON,GENILTON
GENILSON;GENALDO, GENILDO
GEOVANNI;GEOVANNI,GEOVANES,GIOVANE,GIOVANI,GIOVANNI
GERSON;GERSON,GELSON
GERVAL;GEROVAL, GERVAL
GESSICA;GESSICA,JESSICA
GILBERTO;AGILBERTO, GILBERTO, JILBERTO, JULBERTO
GILMAR;GILMA, GILMAR
GILSON;GEILSON, GILSON
GIOVANE;GEOVAM, GEOVANNI, GIOVANE, GIOVANI, GIOVANNI
GLADSOM;GLADISSON, GLADSOM, GLEDSON, GLEIDSON
GLAUCIO;GLAUCIO,GLAUCO
GLEIDSON;GLEIDSON,GREDSON,GREIDISON,GLADISSON,GLADSOM, GLAUDISON
GLEISSON;GLEISON,GLEISSON,GREISON,GLEIDSON
HAMILTON;HAMILTON,AMILTON
HEBER;HEBER,EBER,HEBERT
HELDER;HELDER,ELDER
HELENA;HELENA,ELENA
HELOISA;HELOISA,HELOIZA,ELOISA,ELOIZIA,ELUIZA
HERCULANO;ERCULANO, HERCULANO
HERCULANO;HERCULANO,ERCULANO
HUDSON;HUDSON, UDSON,UDILSON
HUMBERTO;HUMBERTO,UMBERTO
IEDA;IEDA,IEDDA,YEDA,YEDDA
ILSA;ILSA,ILZA
ILTON;ILTON,ILTOM,HILTON,HYLTON
INACIO;INACIO,IGNACIO
INES;INES,INEZ,IGNES,IGNEZ,ENES
IOLANDA;IOLANDA,YOLANDA
IRACY;IRACI,IRACY
IRANI;IRANI,IRANY
IRENI;IRENI,IRENE,ERENI
ISABEL;ISABEL,IZABEL
ISAIAS;ISAIAS,IZAIAS
ISALTINO;EXALTINO, ISALTINO, IZALTINA, IZALTINO
ISAURA;IZAURA,ISAURA
IVAN;IVAM,IVAN,
IVANI;IVANI,IVANY
IVETE;IVETTE,IVETE,IVETH,YVETE,YVETTE
IVONETE;EVONETE, IVONETE, YVONETE
JANETE;JANETE,JEANETE
JAQUES;JAQUES,JACQUES
JASON;GEYZON,JASON, JEISON
JEFERSON;JEFERSON,JEFFERSON
JEOVA;JEOVA,JEOVAH,JEHOVAH
JERONIMO;GERONIMO,JERONIMO
JERTRUDES;GERTRUDES
JESSE;JESSE,JESSI,JESSY,JESSIE,GESSI,GESSY,GECE
JONATAS;JONATAN,JONATAS,JONATHAS,JHONATAN
JONY;JONY,JHONNY
JOSEFA;JOSEFA,JOSEPHA
JOSENETE;JOSENETH
JUDITE;JUDITE,JUDITH
JURANDIR;JURANDI,JURANDIR,JURANDYR,JURANDY
KARINE;KARINA,KARINE,CARINI
LACI;LACI,LACY
LAERCIO;LAERCIO,LAERSON
LAERTE;LAERT,LAERTE
LOURIVAL;LOURIVAL,LORIVAL
LUIS;LUIS,LUIZ
LUIZA;LUISA,LUIZA
LUZIA;LUSIA,LUZIA
MAGDA;MAGDA,MAGNA
MANOEL;MANOEL,MANUEL
MARCELO;MARCELO,MARCELIO,MARCELLO
MARCOS;MARCOS,MARCO,MARCUS
MARLON;MARLON,MARLLON
MARTA;MARTA,MARTHA
MATEUS;MATEUS,MATHEUS
MAURILIO;MAURILIO,MAURILLO,MAURILO
MIRTES;MIRTES,MYRTES,MYRTHES
NANCI;NANCE,NANCY
NATANAEL;NATANAEL,NATHANAEL,NATANIEL
NATIVIDAD;NATIVIDAD,NATIVIDADE
NAZARE;NAZARE,NAZARETH
NEEMIAS;NEEMIAS,NEHEMIAS
NEIDE;NEIDE,NEYDE
NELI;NELI,NELLE,NELLI,NELLY,NELY
NEUSA;NEUSA,NEUZA
NIZIA;NISIA, NIZIA
NILSA;NILSA,NILZA
NILTON;NEWTON,NILTON,MILTON
NOEMI;NOEME,NOEMI
NOEMIA;NOEMIA,NOEMEA
NORMANDES;NORMANDA,NORMANDES
NORMA;NORMA, NORMAN
NORMELIA;NORMELIA,NORMILIA
ODETE;ODETE,ODETTE
OFELIA;OPHELIA
OLINDA;OLINDA,OLINTA
ODIVALDO;ODIVALDO, ODUVALDO
ODILIA;ODILA, ODILAR, ODILIA,ODELIA
OLAVO;OLAVIO, OLAVO, OLIVIO
OLIVEIRO;OLIVEIRO,OLIVERIO
ONESIMO;ONESIMO,ONEZIMO
ORESTE;ORESTE,ORESTES
OSEIAS;OSEIAS,OSEAS,OZEAS,OZIAS
OSVALDINO;OSVALDINO,OSWALDINO
OSWALDO;OSWALDO,OSVALDO
OTAVIO;OTAVIO,OCTAVIO
ORMI;ORMI, ORMY, OSMIR
OTILIA;OTILIA,OCTILIA
PALMIRA;PALMIRA,PALMYRA
PERICLES;PERICLES,PERECLES,PERYCLES
RAFAEL;RAPHAEL,RAFAEL
RAIMUNDO;RAYMUNDO,RAIMUNDO
RANIERE;RANIERE, RAYNIERE
RANULFO;RANULFO,RANULPHO
RENE;RENE,RENI
ROBERTO;ROBERTO,ROBERT
ROBERVAL;ROBERVAL, RUBERVAL
ROBSON;ROBSON,ROBINSON
RODNEY;RODINI, RODNEY
RODOLFO;RUDOLFO,RODOLFO
RONALDO;RONALD,RONALDO
RONDINELE;RONDINELE,RONDINELY
RONILTON;RONILTON,ROMILTON
RONY;RONE, RONEY, RONY
ROSA;ROSA, ROZA
ROSANE;ROSAINE,ROSANE, ROSANI
ROSELANE;ROSELANE,ROSELENE,ROSILENE
ROSELI;ROSELI,ROSELY,ROSELYS,ROSALY
ROSEMERI;ROSEMARY,ROSEMERI,ROSEMARIE,ROSEMARI,ROZIMERE,ROSIMARY,ROSEMIRE
ROSILEIA;ROSELIA, ROSILEIA
RUBENS;RUBENS,RUBEM,ROBENS
RUTE;RUTE,RUTH,RUTHE
SADY;SAD, SADY
SELUTA;SELUTA,CELUTA
SHIRLEI;SHIRLEI,SHIRLEY
SIDALIA;CIDALIA,SIDALIA
SIDNEI;SIDNEI,SIDNEY,SYDNEY
SILAS;SILAS,SILLAS,CILAS,ZILA, ZILAH
SILMARA;SIUMARA
SILVIO;SYLVIO,SILVIO
SIMAO;SIMAO, SIMEAO
SINESIO;SINESIO,SINEZIO
SINVAL;SINVAL, SYNVAL
SOFIA;SOPHIA
STELA;STELA,STELLA,ESTELA
SUELI;SUELI,SUELY
SULIVAN;SOLIVAN
TADEU;TADEU, THADEU
TANIA;TANHIA, TANIA
TARCISIO;TARCISIO,TARCISO,TARCIZIO,TARCIZO
TEOTONIO;TEOTONIO, THEOTONIO
TERESA;TERESA,TEREZA,THEREZA
TERESINHA;TERESINHA,THEREZINHA,THERESINHA,TEREZINHA
THELMA;THELMA,TELMA
THELMO;THELMO,TELMO
TIAGO;TIAGO,THIAGO,TIHAGO
TOBIAS;TOBIAS,TOBBIAS
VALDEMAR;VALDEMAR, WALDEMAR
VALDILENE, VALDIRENE;VALDILENE, VALDIRENE
VALDINEY;VALDINEY, WALDINEY,VALDINER
VALDOMIRO;VALDOMIRO, WALDEMIRO, WALDOMIRO,WALDEMIR
VALMIR;VALMIR, VALMY, WALMIR, WALMYR,WOLMYR
VALQUIRIA;VALQUIRIA, WALQUIRIA
VALTER;VALTER, WALTER, WALTHER
VANDA;VANDA,WANDA
VANDER;VANDER, WANDER
VANDERLEI;VANDERLEI,WANDERLEI,WANDERLEY,WENDERLEY
VANDERLUCIO;VANDERLUCIO, WANDERLUCIO
VANIA;VANIA,WANIA
VANTUIR;VANTUIL, VANTUIR, WANTUIL, WANTUIR
VENILTON;VENILTON, WENILTON
VINICIUS;VENICIUS, VINICIUS,VENICIO
VITOR;VICTO, VICTOR, VITOR
VITORIA;VICTORIA, VITORIA
VIVALDO;VIOVALDO, VIVALDO
VOLMAR;VOLMAR, WOLMAR
WADISON;WADISON, WADSON
WAGNER;VAGNER, WAGNER
WALDIR;VALDIR, VALDY, WALDIR, WALDYR,VALDEIR
WALISON;WALISON, WALYSSON
WALLACE;WALACE, WALLACE, WALLACY
WALMIR;WALMIR,  WALMYR,WOLMYR,VOLMAR,VALMIR
WEBER;WEBER,UEBER
WELINGTON;WELINGTON,WELITON,WELLINGTON,WELLINGUITON,WELITON
WELTON;WELTON,WILTON
WENDEL;WENDEL,WENDER,WENDELL
WENDERSON;WANDERSON, WENDERSON,VANDERSON
WILDE;WILDE,WIDES
WILIAM;WILIAM,WILLIAM,WILLIAN
WILSON;WILSON,UILSON,VILSON
WILTON;WILTON,WELTON
WIRES;WILER, WILLES, WIRES
YVONE;IVONE,YOVONE
ZELMA;ZELMA, ZILMA,SELMA
ZENAIR;SINAIR, ZENAIR
ZENITH;ZENITH,ZENITHI
ZENO;ZENO,ZENON,ZENOR
ZILDE;SILDES, SYLDY, ZILDE
