"ID","NOME"
"1","ABDALA"
"2","ABDIAS"
"3","ABEILARD"
"4","ABEL"
"5","ABELA"
"6","ABELARD"
"7","ABELINO"
"8","ABIA"
"9","ABIANOR"
"10","ABIDIAS"
"11","ABIGAIL"
"12","ABILIO"
"13","ABINER"
"14","ABIZAI"
"15","ABNE"
"16","ABNER"
"17","ABRAAO"
"18","ABRAO"
"19","ACACIO"
"20","ACEDINA"
"21","ACEDINO"
"22","ACHILLES"
"23","ACIONE"
"24","ACIONIL"
"25","ACIR"
"26","ACRIZIO"
"27","ACYLDA"
"28","ADA"
"29","ADACIR"
"30","ADAGILSON"
"31","ADAHIR"
"32","ADAILDES"
"33","ADAILTON"
"34","ADAIR"
"35","ADALBERTO"
"36","ADALGIDES"
"37","ADALRI"
"38","ADALTO"
"39","ADAO"
"40","ADÃO"
"41","ADASIO"
"42","ADAURI"
"43","ADAURINO"
"44","ADAUTO"
"45","ADEGIL"
"46","ADEILTO"
"47","ADEIR"
"48","ADEJAR"
"49","ADELAIDE"
"50","ADELAR"
"51","ADELCIO"
"52","ADELGICIO"
"53","ADELIA"
"54","ADELIANE"
"55","ADELINA"
"56","ADELINO"
"57","ADELJAMI"
"58","ADELMA"
"59","ADELMIR"
"60","ADELOR"
"61","ADELQUE"
"62","ADELSON"
"63","ADEMAR"
"64","ADEMILDES"
"65","ADEMILSON"
"66","ADEMIR"
"67","ADENICIO"
"68","ADENILDO"
"69","ADENILSON"
"70","ADENIS"
"71","ADENOR"
"72","ADERALVO"
"73","ADERSON"
"74","ADESIL"
"75","ADEVALDES"
"76","ADEYLSON"
"77","ADGAR"
"78","ADHEMAR"
"79","ADHEMAYR"
"80","ADHERBAL"
"81","ADIBIO"
"82","ADILA"
"83","ADILAR"
"84","ADILIA"
"85","ADILIO"
"86","ADILO"
"87","ADILSO"
"88","ADILSON"
"89","ADIR"
"90","ADIRCIO"
"91","ADIRSON"
"92","ADITH"
"93","ADMAURO"
"94","ADMILSON"
"95","ADNETE"
"96","ADNIL"
"97","ADNILSON"
"98","ADOLECIA"
"99","ADOLFINA"
"100","ADOLFO"
"101","ADONICA"
"102","ADONIZETE"
"103","ADORILDO"
"104","ADORIVAN"
"105","ADORIZIO"
"106","ADRIANA"
"107","ADRIANO"
"108","ADRIELE"
"109","ADROALDO"
"110","ADYR"
"111","AECIO"
"112","AEDILA"
"113","AELIO"
"114","AELSON"
"115","AELTON"
"116","AERTON"
"117","AFFONSO"
"118","AFONSINA"
"119","AFONSO"
"120","AFRANIO"
"121","AFRÂNIO"
"122","AFRODIZIO"
"123","AGABIO"
"124","AGAR"
"125","AGDA"
"126","AGELSON"
"127","AGENICIO"
"128","AGENOR"
"129","AGIER"
"130","AGILBERTO"
"131","AGILSON"
"132","AGLICIO"
"133","AGMAR"
"134","AGNALDO"
"135","AGNELO"
"136","AGOSTINHA"
"137","AGOSTINHO"
"138","AGRICIO"
"139","AGRICULA"
"140","AGRINALDO"
"141","AGUIDA"
"142","AGUILAR"
"143","AGUIMAR"
"144","AGUINALDO"
"145","AHILTON"
"146","AIAS"
"147","AIDA"
"148","AILDO"
"149","AILISON"
"150","AILMA"
"151","AILSON"
"152","AILTHON"
"153","AILTON"
"154","AILZA"
"155","AIRTON"
"156","AJMAR"
"157","ALADIM"
"158","ALADIO"
"159","ALAIDE"
"160","ALAIDES"
"161","ALAIDO"
"162","ALAIR"
"163","ALAN"
"164","ALAOR"
"165","ALARCON"
"166","ALARICO"
"167","ALAYR"
"168","ALBA"
"169","ALBANIZA"
"170","ALBENIR"
"171","ALBENY"
"172","ALBERES"
"173","ALBERICO"
"174","ALBERONI"
"175","ALBERTINA"
"176","ALBERTINO"
"177","ALBERTO"
"178","ALBINA"
"179","ALBINO"
"180","ALCAMIRO"
"181","ALCEBIADES"
"182","ALCEDES"
"183","ALCESTES"
"184","ALCEU"
"185","ALCI"
"186","ALCIDEA"
"187","ALCIDES"
"188","ALCIMAR"
"189","ALCINA"
"190","ALCINEO"
"191","ALCINO"
"192","ALCIO"
"193","ALCIONEU"
"194","ALCIR"
"195","ALCIRA"
"196","ALCIRIO"
"197","ALCIVA"
"198","ALCY"
"199","ALDA"
"200","ALDAIR"
"201","ALDEBARA"
"202","ALDECI"
"203","ALDECIR"
"204","ALDEJAMES"
"205","ALDEMAR"
"206","ALDEMIR"
"207","ALDEMIRO"
"208","ALDETE"
"209","ALDHEMAR"
"210","ALDICEU"
"211","ALDINEA"
"212","ALDIR"
"213","ALDO"
"214","ALDOMARIO"
"215","ALECIO"
"216","ALEIDE"
"217","ALEILTON"
"218","ALEIXO"
"219","ALENCAR"
"220","ALENTINO"
"221","ALERTON"
"222","ALESSANDRA"
"223","ALESSANDRO"
"224","ALEX"
"225","ALEXANDRA"
"226","ALEXANDRE"
"227","ALEXANDRINA"
"228","ALEXINA"
"229","ALEXSANDER"
"230","ALEXSANDRO"
"231","ALFA"
"232","ALFENIO"
"233","ALFEU"
"234","ALFREDINA"
"235","ALFREDO"
"236","ALGEMIRA"
"237","ALICE"
"238","ALICELDO"
"239","ALICIO"
"240","ALILTON"
"241","ALIMIALI"
"242","ALINE"
"243","ALIPIO"
"244","ALIRIO"
"245","ALISSON"
"246","ALLAN"
"247","ALLISON"
"248","ALLONSO"
"249","ALMERINDA"
"250","ALMERINDO"
"251","ALMERITA"
"252","ALMINDO"
"253","ALMIR"
"254","ALMIRO"
"255","ALOIR"
"256","ALOISIO"
"257","ALONCIO"
"258","ALONSO"
"259","ALOYSIO"
"260","ALQUENANO"
"261","ALTAIDE"
"262","ALTAIR"
"263","ALTAMIR"
"264","ALTAMIRO"
"265","ALTAYR"
"266","ALTEMIO"
"267","ALTEVIR"
"268","ALTHEMIO"
"269","ALTINO"
"270","ALTIVO"
"271","ALUISIO"
"272","ALUIZIO"
"273","ALUIZO"
"274","ALVANIR"
"275","ALVARENGA"
"276","ALVARO"
"277","ALVELINO"
"278","ALVES"
"279","ALVIM"
"280","ALVIMAR"
"281","ALVINA"
"282","ALVINO"
"283","ALY"
"284","ALZENIR"
"285","ALZENIRA"
"286","ALZIRA"
"287","ALZIRO"
"288","AMADEU"
"289","AMADEUS"
"290","AMADO"
"291","AMADOR"
"292","AMALIA"
"293","AMANCIO"
"294","AMANDA"
"295","AMANTINO"
"296","AMARAL"
"297","AMARILDO"
"298","AMARO"
"299","AMAURI"
"300","AMAURY"
"301","AMAVEL"
"302","AMBROSINA"
"303","AMBROSINO"
"304","AMBROSIO"
"305","AMBROZINO"
"306","AMBROZIO"
"307","AMEGLIO"
"308","AMELIA"
"309","AMERES"
"310","AMERICA"
"311","AMERICO"
"312","AMIL"
"313","AMILAR"
"314","AMILCAR"
"315","AMILTON"
"316","AMINTAS"
"317","AMIR"
"318","ANA"
"319","ANACIETE"
"320","ANACLETA"
"321","ANADETE"
"322","ANADIR"
"323","ANAEL"
"324","ANAILDE"
"325","ANAILDO"
"326","ANAIR"
"327","ANALFIM"
"328","ANALIA"
"329","ANALICE"
"330","ANALITO"
"331","ANANIAS"
"332","ANARDETE"
"333","ANASTACIA"
"334","ANASTACIO"
"335","ANATOLIO"
"336","ANAYR"
"337","ANDELSON"
"338","ANDERLEI"
"339","ANDERLUCIO"
"340","ANDERSON"
"341","ANDONIOS"
"342","ANDRE"
"343","ANDRÉ"
"344","ANDREA"
"345","ANDREIA"
"346","ANDRELINA"
"347","ANDREWS"
"348","ANEIDE"
"349","ANELINO"
"350","ANESIO"
"351","ANETE"
"352","ANEZIO"
"353","ANFRISIO"
"354","ANGELA"
"355","ANGELICA"
"356","ANGELIKA"
"357","ANGELINA"
"358","ANGELINO"
"359","ANGELO"
"360","ANIBAL"
"361","ANICETA"
"362","ANICETO"
"363","ANICIO"
"364","ANISIO"
"365","ANIVERSO"
"366","ANIZIO"
"367","ANNA"
"368","ANNIBAL"
"369","ANNITA"
"370","ANSELMO"
"371","ANTENOR"
"372","ANTERO"
"373","ANTHERO"
"374","ANTISTHENES"
"375","ANTONIA"
"376","ANTONIEL"
"377","ANTONIETA"
"378","ANTONIETTA"
"379","ANTONINO"
"380","ANTONIO"
"381","ANTUNIEL"
"382","APARECIDA"
"383","APRIGIO"
"384","AQUILA"
"385","AQUILINO"
"386","ARACY"
"387","ARAKEN"
"388","ARGEMIRO"
"389","ARGENTINA"
"390","ARGENTINO"
"391","ARGEU"
"392","ARGIMIRO"
"393","ARI"
"394","ARIADNE"
"395","ARIBERTO"
"396","ARIDES"
"397","ARIELA"
"398","ARILDES"
"399","ARILDO"
"400","ARILSON"
"401","ARILTO"
"402","ARILTON"
"403","ARILZA"
"404","ARIM"
"405","ARINA"
"406","ARINDA"
"407","ARIOSTO"
"408","ARISTEU"
"409","ARISTIDES"
"410","ARISTON"
"411","ARISTOTELES"
"412","ARIWASHINGTON"
"413","ARIZIO"
"414","ARLECE"
"415","ARLELON"
"416","ARLENE"
"417","ARLETE"
"418","ARLETH"
"419","ARLETTE"
"420","ARLEY"
"421","ARLI"
"422","ARLINDA"
"423","ARLINDO"
"424","ARLY"
"425","ARMANDO"
"426","ARMENI"
"427","ARMENIA"
"428","ARMEZINA"
"429","ARMEZINDA"
"430","ARMEZINDO"
"431","ARMINDA"
"432","ARMINDO"
"433","ARNALDO"
"434","ARNOBIO"
"435","ARNOLDO"
"436","AROLDO"
"437","ARON"
"438","ARSELINA"
"439","ARTELINO"
"440","ARTEMIO"
"441","ARTHUR"
"442","ARTUR"
"443","ARY"
"444","ARYETHI"
"445","ARYLTON"
"446","ASCENDINO"
"447","ASSIS"
"448","ASTECLA"
"449","ASTERIO"
"450","ASTOR"
"451","ASTRAMIRO"
"452","ASTREIA"
"453","ATAIDE"
"454","ATALIBA"
"455","ATARCISO"
"456","ATENAGORAS"
"457","ATHAIDE"
"458","ATHAYDE"
"459","ATHOS"
"460","ATILA"
"461","ATILIO"
"462","AUDALIANO"
"463","AUDALIO"
"464","AUGUSTA"
"465","AUGUSTO"
"466","AUIRES"
"467","AURA"
"468","AUREA"
"469","AURELINO"
"470","AURELIO"
"471","AUREO"
"472","AURIELES"
"473","AURILENE"
"474","AURINO"
"475","AURITO"
"476","AURIZE"
"477","AURORA"
"478","AUTA"
"479","AUTHEMES"
"480","AVANI"
"481","AVANY"
"482","AVELAR"
"483","AVELINO"
"484","AVENIR"
"485","AVERALDO"
"486","AVERTINO"
"487","AVIDES"
"488","AYDIL"
"489","AYLSA"
"490","AYLTON"
"491","AYRES"
"492","AYRTON"
"493","AZEMAR"
"494","AZILMAR"
"495","AZIS"
"496","AZIZ"
"497","AZIZA"
"498","BALBINA"
"499","BAPTISTA"
"500","BARTIRA"
"501","BARTOLOMEU"
"502","BASILIO"
"503","BATISTINA"
"504","BEATRIZ"
"505","BELANDES"
"506","BELINE"
"507","BELMIRA"
"508","BELMIRO"
"509","BENEDETTO"
"510","BENEDICTO"
"511","BENEDITA"
"512","BENEDITO"
"513","BENEIR"
"514","BENICIA"
"515","BENÍCIO"
"516","BENICIO"
"517","BENIGNO"
"518","BENILTON"
"519","BENITO"
"520","BENJAMIN"
"521","BENONE"
"522","BENTO"
"523","BENVINDO"
"524","BERENICE"
"525","BERENICIA"
"526","BERIL"
"527","BERNADETE"
"528","BERNADO"
"529","BERNARDA"
"530","BERNARDET"
"531","BERNARDETH"
"532","BERNARDINA"
"533","BERNARDINO"
"534","BERNARDO"
"535","BERTA"
"536","BERTHA"
"537","BERTOLDO"
"538","BETH"
"539","BEZALEEL"
"540","BEZALIEL"
"541","BIBIANA"
"542","BLANDINA"
"543","BOAVENTURA"
"544","BOLIVAR"
"545","BORIS"
"546","BRANCA"
"547","BRASILITO"
"548","BRAULINO"
"549","BRAULIO"
"550","BRAZ"
"551","BRENO"
"552","BRIGIDA"
"553","BRISINDOR"
"554","BRITES"
"555","BRUNO"
"556","BYRON"
"557","CACILDA"
"558","CAETANO"
"559","CAIO"
"560","CALMITA"
"561","CAMILO"
"562","CANDIDO"
"563","CARINI"
"564","CARINO"
"565","CARIVALDO"
"566","CARLINDO"
"567","CARLITO"
"568","CARLLO"
"569","CARLOS"
"570","CARLOSMIR"
"571","CARLOTA"
"572","CARLUCY"
"573","CARMELIA"
"574","CARMELINA"
"575","CARMELINDA"
"576","CARMELITA"
"577","CARMEM"
"578","CARMEN"
"579","CARMITA"
"580","CARMO"
"581","CARMORINDA"
"582","CARMOZINA"
"583","CARMOZITA"
"584","CAROLINA"
"585","CAROLINO"
"586","CASIMIRO"
"587","CASSEMIRO"
"588","CASSIA"
"589","CASSIANA"
"590","CASSIANO"
"591","CASSIMIRO"
"592","CASSIO"
"593","CASTOR"
"594","CASTURINA"
"595","CATARINA"
"596","CATELINO"
"597","CATHARINA"
"598","CATULO"
"599","CECILIA"
"600","CECILIANO"
"601","CECILIO"
"602","CECY"
"603","CEDIR"
"604","CEDYR"
"605","CELCO"
"606","CELESTE"
"607","CELI"
"608","CELIA"
"609","CELINA"
"610","CELINEIA"
"611","CELINO"
"612","CELIO"
"613","CELIS"
"614","CELISIO"
"615","CELITA"
"616","CELME"
"617","CELMI"
"618","CELSIRA"
"619","CELSO"
"620","CELUTA"
"621","CELY"
"622","CEMI"
"623","CENILIA"
"624","CENY"
"625","CEOMAR"
"626","CEOMY"
"627","CEONIRA"
"628","CERSON"
"629","CESAR"
"630","CESARIO"
"631","CEZAR"
"632","CEZARINA"
"633","CHARLES"
"634","CHASTER"
"635","CHRISTIAN"
"636","CHRISTIANNO"
"637","CHRISTOBALDO"
"638","CICERA"
"639","CICERO"
"640","CICILIA"
"641","CID"
"642","CIDALIA"
"643","CILAS"
"644","CILDENIA"
"645","CILEIA"
"646","CILON"
"647","CILSON"
"648","CIRANO"
"649","CIRILO"
"650","CIRO"
"651","CLADENIL"
"652","CLARICE"
"653","CLARINDA"
"654","CLARINDO"
"655","CLARIVAL"
"656","CLAUDEMIR"
"657","CLAUDEMIRO"
"658","CLAUDIA"
"659","CLAUDIANO"
"660","CLAUDINEI"
"661","CLAUDINEY"
"662","CLAUDIO"
"663","CLÁUDIO"
"664","CLAUDIONOR"
"665","CLAUDOMIRO"
"666","CLAVIO"
"667","CLAYTON"
"668","CLEA"
"669","CLEBER"
"670","CLEBERSON"
"671","CLEBIO"
"672","CLEBSON"
"673","CLEDIMIR"
"674","CLEDSON"
"675","CLEIDE"
"676","CLEIDNILSON"
"677","CLEIDSON"
"678","CLEIR"
"679","CLEISSON"
"680","CLEITON"
"681","CLELIA"
"682","CLELTON"
"683","CLEMAR"
"684","CLEMENCIA"
"685","CLEMENTE"
"686","CLEMENTINO"
"687","CLEMERSON"
"688","CLEMILDA"
"689","CLEMIR"
"690","CLENESILDA"
"691","CLENORIO"
"692","CLEOBINO"
"693","CLEOMAR"
"694","CLEOMENES"
"695","CLEONICE"
"696","CLERIA"
"697","CLERIO"
"698","CLETO"
"699","CLEUDES"
"700","CLEUSA"
"701","CLEUSIONIR"
"702","CLEUZA"
"703","CLEUZOLARIO"
"704","CLEVAL"
"705","CLEVERSON"
"706","CLEYDER"
"707","CLEYVERSON"
"708","CLEZIO"
"709","CLIVALDO"
"710","CLODOALDO"
"711","CLOMARDES"
"712","CLORIS"
"713","CLOTILDES"
"714","CLOVES"
"715","CLOVIS"
"716","CLOYSIO"
"717","COLINA"
"718","COLMAR"
"719","COLOMBO"
"720","CONCEICAO"
"721","CONCEIÇÃO"
"722","CONCESSO"
"723","CONSTANCIA"
"724","CONSTANTINO"
"725","CONSUELO"
"726","COR"
"727","CORA"
"728","CORDOLINO"
"729","CORINA"
"730","CORINTO"
"731","CORNELIO"
"732","CORSINI"
"733","COSME"
"734","COSMO"
"735","COSUELO"
"736","CREMALIO"
"737","CREMILDA"
"738","CRESO"
"739","CREUSA"
"740","CREUZA"
"741","CRISMEIA"
"742","CRISPINIANO"
"743","CRISTALINO"
"744","CRISTHINE"
"745","CRISTIAN"
"746","CRISTIANE"
"747","CRISTIANO"
"748","CRISTINA"
"749","CRISTOVAM"
"750","CRISTOVAO"
"751","CRUZELINA"
"752","CUSTODIO"
"753","CYRIO"
"754","CYRO"
"755","DACIO"
"756","DAIR"
"757","DAISE"
"758","DALCELINA"
"759","DALCI"
"760","DALILA"
"761","DALMIR"
"762","DALMO"
"763","DALTO"
"764","DALTON"
"765","DALVA"
"766","DALVINA"
"767","DAMARQUINHO"
"768","DANIEL"
"769","DANIELA"
"770","DANILO"
"771","DANILTON"
"772","DANILZA"
"773","DANTE"
"774","DARCI"
"775","DARCIO"
"776","DARCY"
"777","DARI"
"778","DARIO"
"779","DARLAN"
"780","DARLE"
"781","DARLISON"
"782","DARLY"
"783","DARMACI"
"784","DARY"
"785","DASI"
"786","DAURO"
"787","DAUSTER"
"788","DAVI"
"789","DAVID"
"790","DAVIDSON"
"791","DAVINA"
"792","DAVINO"
"793","DAVISON"
"794","DAYLIANE"
"795","DAYSE"
"796","DEA"
"797","DEBORA"
"798","DEBORAH"
"799","DECIMO"
"800","DECIO"
"801","DECORIDES"
"802","DEICOLA"
"803","DEILDA"
"804","DEILI"
"805","DEILZA"
"806","DEJACY"
"807","DEJALMA"
"808","DEJANIRA"
"809","DELAIR"
"810","DELCI"
"811","DELCIO"
"812","DELCIOMAR"
"813","DELCY"
"814","DELFIM"
"815","DELFINA"
"816","DELINA"
"817","DELIO"
"818","DELIRA"
"819","DELMA"
"820","DELMAR"
"821","DELMIR"
"822","DELMO"
"823","DELOURDES"
"824","DELSON"
"825","DELVAIR"
"826","DELVAUX"
"827","DELVES"
"828","DELVIGES"
"829","DELVINO"
"830","DELVO"
"831","DELY"
"832","DELZA"
"833","DELZITA"
"834","DELZO"
"835","DEMERVAL"
"836","DEMETRIA"
"837","DENECY"
"838","DENICE"
"839","DENILSON"
"840","DENILZA"
"841","DENIO"
"842","DENIS"
"843","DENISE"
"844","DENIZE"
"845","DENYS"
"846","DEOCLACINO"
"847","DEOCLECIANO"
"848","DEOCLECIO"
"849","DEOCLESIO"
"850","DEODORO"
"851","DEOGENES"
"852","DEOLINDA"
"853","DEOLINDO"
"854","DEOMECIR"
"855","DEOMEDES"
"856","DEOZINO"
"857","DEOZOLINO"
"858","DERALDO"
"859","DERBE"
"860","DERCI"
"861","DERCIRIO"
"862","DERCY"
"863","DERIA"
"864","DERIO"
"865","DERLI"
"866","DERLY"
"867","DERMEVAL"
"868","DEROCI"
"869","DERVACY"
"870","DERVAI"
"871","DESIO"
"872","DEUSDEDIT"
"873","DEUSDETE"
"874","DEUSDITA"
"875","DEUSENIR"
"876","DEUSENY"
"877","DEUSIL"
"878","DEUSIMAR"
"879","DEUTERONOMIO"
"880","DEUZINHA"
"881","DEVANITA"
"882","DEVANY"
"883","DEVERCY"
"884","DEYVISON"
"885","DGNAR"
"886","DIANA"
"887","DIDIMO"
"888","DIDNEY"
"889","DIEGO"
"890","DIELLYSON"
"891","DIJARBAS"
"892","DILCA"
"893","DILCE"
"894","DILMA"
"895","DILMAR"
"896","DILSA"
"897","DILSON"
"898","DILVO"
"899","DILZA"
"900","DIMAS"
"901","DINA"
"902","DINAH"
"903","DINALITE"
"904","DINART"
"905","DINOMAR"
"906","DIOCEZANO"
"907","DIOGENES"
"908","DIOGO"
"909","DIOLINDA"
"910","DIOMAR"
"911","DIOMAZIA"
"912","DIONATAN"
"913","DIONE"
"914","DIONILIA"
"915","DIONISIO"
"916","DIONIZIO"
"917","DIRACY"
"918","DIRAEL"
"919","DIRAN"
"920","DIRCE"
"921","DIRCEA"
"922","DIRCEU"
"923","DIRLAND"
"924","DIRLENE"
"925","DIRSO"
"926","DIRSON"
"927","DIVA"
"928","DIVAL"
"929","DIVALDO"
"930","DIVANILSO"
"931","DIVINA"
"932","DIVINO"
"933","DJAIR"
"934","DJALMA"
"935","DJALSON"
"936","DJANIRA"
"937","DJEZZAR"
"938","DOCARINO"
"939","DOLESAR"
"940","DOLIZANE"
"941","DOLORA"
"942","DOLORES"
"943","DOLVAIR"
"944","DOMENICO"
"945","DOMETILA"
"946","DOMICIO"
"947","DOMINATO"
"948","DOMINGAS"
"949","DOMINGOS"
"950","DOMIRES"
"951","DOMIRO"
"952","DONALDO"
"953","DONALIA"
"954","DONICIO"
"955","DONISETE"
"956","DONIZETE"
"957","DONIZETTE"
"958","DONIZETTI"
"959","DORACI"
"960","DORACY"
"961","DORALICE"
"962","DORALINO"
"963","DORCA"
"964","DORCINA"
"965","DORGIVAL"
"966","DORILDA"
"967","DORINHA"
"968","DORIO"
"969","DORISMAR"
"970","DORIVAL"
"971","DOROTEIA"
"972","DOROTHEA"
"973","DORVAGYL"
"974","DORVALINA"
"975","DORVALINO"
"976","DORVINA"
"977","DOUGLAS"
"978","DOURIVAL"
"979","DOVENTYL"
"980","DRASTO"
"981","DUERGNES"
"982","DUILIO"
"983","DULCE"
"984","DULCEMIR"
"985","DULCIDIO"
"986","DULCINEA"
"987","DULCINO"
"988","DURCELINA"
"989","DURVAL"
"990","DURVALINA"
"991","EBER"
"992","EBIO"
"993","EBRAIM"
"994","ECILA"
"995","ECIO"
"996","ECY"
"997","EDCARLOS"
"998","EDECIO"
"999","EDELMO"
"1000","EDEMILDES"
"1001","EDENIRA"
"1002","EDER"
"1003","EDERLY"
"1004","EDES"
"1005","EDESON"
"1006","EDEVALDO"
"1007","EDGAR"
"1008","EDGARD"
"1009","EDI"
"1010","EDICARLOS"
"1011","EDIE"
"1012","EDILA"
"1013","EDILEA"
"1014","EDILEUSA"
"1015","EDILIA"
"1016","EDILIO"
"1017","EDILMA"
"1018","EDILSON"
"1019","EDIMAR"
"1020","EDIMILSON"
"1021","EDIMUNDO"
"1022","EDINA"
"1023","EDINALDO"
"1024","EDINEA"
"1025","EDINEIA"
"1026","EDIO"
"1027","EDIPO"
"1028","EDIR"
"1029","EDIRSON"
"1030","EDIS"
"1031","EDISON"
"1032","EDITE"
"1033","EDITH"
"1034","EDIVAL"
"1035","EDIVALDO"
"1036","EDIVAM"
"1037","EDIVAN"
"1038","EDIVANE"
"1039","EDIVANIO"
"1040","EDIVAR"
"1041","EDIZA"
"1042","EDMAR"
"1043","EDMILSON"
"1044","EDMIR"
"1045","EDMO"
"1046","EDMUNDO"
"1047","EDNA"
"1048","EDNALDO"
"1049","EDNE"
"1050","EDNEI"
"1051","EDNEIA"
"1052","EDNILTON"
"1053","EDRON"
"1054","EDSE"
"1055","EDSON"
"1056","EDU"
"1057","EDUARDO"
"1058","EDUARTINO"
"1059","EDUIRDE"
"1060","EDUVIRGEM"
"1061","EDVALDO"
"1062","EDVAR"
"1063","EDVARDE"
"1064","EDVIRGES"
"1065","EDWALDO"
"1066","EDWARD"
"1067","EDY"
"1068","EDYR"
"1069","EFIGENIA"
"1070","EFIGENIO"
"1071","EFRAIM"
"1072","EFRIM"
"1073","EGLIBERTO"
"1074","EGUINA"
"1075","EIRANDYR"
"1076","ELADIO"
"1077","ELADIR"
"1078","ELAINE"
"1079","ELAISE"
"1080","ELANDIO"
"1081","ELBO"
"1082","ELCI"
"1083","ELCIAS"
"1084","ELCIO"
"1085","ELCIONIR"
"1086","ELCY"
"1087","ELDA"
"1088","ELDER"
"1089","ELEACIR"
"1090","ELEAZAR"
"1091","ELEMIR"
"1092","ELENA"
"1093","ELENI"
"1094","ELENICE"
"1095","ELENIR"
"1096","ELENITA"
"1097","ELENO"
"1098","ELEONORA"
"1099","ELESBAO"
"1100","ELEUZA"
"1101","ELI"
"1102","ELIANA"
"1103","ELIANE"
"1104","ELIAS"
"1105","ELIDA"
"1106","ELIDIMAR"
"1107","ELIDIO"
"1108","ELIDO"
"1109","ELIEL"
"1110","ELIEMAR"
"1111","ELIENE"
"1112","ELIETE"
"1113","ELIEZER"
"1114","ELILDE"
"1115","ELIMAR"
"1116","ELINA"
"1117","ELINE"
"1118","ELINETE"
"1119","ELIO"
"1120","ELIOMAR"
"1121","ELIONAI"
"1122","ELIR"
"1123","ELISA"
"1124","ELISABETE"
"1125","ELISEU"
"1126","ELISIO"
"1127","ELISSON"
"1128","ELISVAL"
"1129","ELITA"
"1130","ELITO"
"1131","ELIZA"
"1132","ELIZABETE"
"1133","ELIZABETH"
"1134","ELIZETE"
"1135","ELIZETH"
"1136","ELIZEU"
"1137","ELIZIARIO"
"1138","ELIZIO"
"1139","ELMAR"
"1140","ELMIRO"
"1141","ELOA"
"1142","ELOI"
"1143","ELOIDES"
"1144","ELOIR"
"1145","ELOISA"
"1146","ELOISIO"
"1147","ELOIZIA"
"1148","ELOIZIO"
"1149","ELOY"
"1150","ELPIDIO"
"1151","ELSA"
"1152","ELSIR"
"1153","ELSON"
"1154","ELSUILA"
"1155","ELTON"
"1156","ELUIZA"
"1157","ELVES"
"1158","ELVINA"
"1159","ELVINIA"
"1160","ELVIO"
"1161","ELVIRA"
"1162","ELVIRO"
"1163","ELY"
"1164","ELYETTE"
"1165","ELYSIO"
"1166","ELZA"
"1167","ELZI"
"1168","ELZIMAR"
"1169","ELZIO"
"1170","ELZIRA"
"1171","ELZO"
"1172","ELZU"
"1173","ELZY"
"1174","EMANOEL"
"1175","EMANUEL"
"1176","EMERSON"
"1177","EMIDIO"
"1178","EMILIA"
"1179","EMILIO"
"1180","EMMANOEL"
"1181","EMYGDIO"
"1182","ENDERSON"
"1183","ENE"
"1184","ENEAS"
"1185","ENEDINA"
"1186","ENEDINO"
"1187","ENEDIR"
"1188","ENEIDA"
"1189","ENES"
"1190","ENEUZA"
"1191","ENGELS"
"1192","ENI"
"1193","ENILA"
"1194","ENILCE"
"1195","ENILDA"
"1196","ENILDO"
"1197","ENIO"
"1198","ENIR"
"1199","ENIVALDO"
"1200","ENNIO"
"1201","ENOCK"
"1202","ENOI"
"1203","ENOQUE"
"1204","ENOS"
"1205","ENY"
"1206","ENYLDO"
"1207","EPAMINONDAS"
"1208","EPHIGENIA"
"1209","EPIFANIO"
"1210","EPITACIO"
"1211","ERALDO"
"1212","ERASIO"
"1213","ERASMO"
"1214","ERASTO"
"1215","ERBER"
"1216","ERCI"
"1217","ERCILIA"
"1218","ERCILIO"
"1219","ERCULANO"
"1220","ERDNEI"
"1221","ERELCY"
"1222","EREMITA"
"1223","ERENI"
"1224","ERENICE"
"1225","ERENILDE"
"1226","ERENITA"
"1227","ERENY"
"1228","ERICA"
"1229","ERICINA"
"1230","ERICSSON"
"1231","ERILDO"
"1232","ERILIO"
"1233","ERINETI"
"1234","ERIVALDO"
"1235","ERLI"
"1236","ERLICE"
"1237","ERLITO"
"1238","ERLY"
"1239","ERMELINDA"
"1240","ERMELINDO"
"1241","ERMILIO"
"1242","ERMINDA"
"1243","ERMINIO"
"1244","ERMITA"
"1245","ERMY"
"1246","ERNANDES"
"1247","ERNANE"
"1248","ERNANI"
"1249","ERNESTINA"
"1250","ERNESTINO"
"1251","ERNESTO"
"1252","ERON"
"1253","ERONILDE"
"1254","EROTILDES"
"1255","ERTON"
"1256","ERZOIRES"
"1257","ESCOLASTICO"
"1258","ESDRA"
"1259","ESDRAS"
"1260","ESEQUIEL"
"1261","ESMERALDA"
"1262","ESMERALDINA"
"1263","ESMERALDO"
"1264","ESMERINO"
"1265","ESMILDA"
"1266","ESTEBAN"
"1267","ESTELA"
"1268","ESTELAMAR"
"1269","ESTELITA"
"1270","ESTER"
"1271","ESTERLITA"
"1272","ESTEVAM"
"1273","ESTEVAO"
"1274","ESTHER"
"1275","ESTHERLITA"
"1276","ESTRAMIRO"
"1277","ETELVINA"
"1278","ETELVINO"
"1279","ETIENE"
"1280","EUCIDEA"
"1281","EUCILDES"
"1282","EUCLIDES"
"1283","EUDA"
"1284","EUDETE"
"1285","EUFLAUSINA"
"1286","EUGENIO"
"1287","EULALIA"
"1288","EULALIO"
"1289","EULAMPIO"
"1290","EULER"
"1291","EULHANCTERIO"
"1292","EUMENES"
"1293","EUNICE"
"1294","EUNIDES"
"1295","EURA"
"1296","EURENICE"
"1297","EURICO"
"1298","EURIDES"
"1299","EURIPEDES"
"1300","EURO"
"1301","EURYDICE"
"1302","EUSIMAR"
"1303","EUSTÁQUIO"
"1304","EUSTAQUIO"
"1305","EUSTELA"
"1306","EUSTENE"
"1307","EUZEBIO"
"1308","EUZI"
"1309","EVA"
"1310","EVALDO"
"1311","EVANDINO"
"1312","EVANDO"
"1313","EVANDRO"
"1314","EVANETE"
"1315","EVANGELINA"
"1316","EVANILTON"
"1317","EVANIRA"
"1318","EVARISTO"
"1319","EVELCIO"
"1320","EVERALDO"
"1321","EVERARDO"
"1322","EVERSON"
"1323","EVERTINA"
"1324","EVERTON"
"1325","EVILASIO"
"1326","EVONETE"
"1327","EWALDO"
"1328","EWERTON"
"1329","EXALTINA"
"1330","EXALTINO"
"1331","EXPEDITO"
"1332","EZEQUIAS"
"1333","EZIO"
"1334","FABIANA"
"1335","FABIANO"
"1336","FABIO"
"1337","FÁBIO"
"1338","FABRICIA"
"1339","FABRÍCIO"
"1340","FABRICIO"
"1341","FAKILIA"
"1342","FANIA"
"1343","FANY"
"1344","FATIMA"
"1345","FATIMO"
"1346","FAUSTO"
"1347","FELICIANO"
"1348","FELICIO"
"1349","FELIPE"
"1350","FELIPPE"
"1351","FELISBELA"
"1352","FELISBERTO"
"1353","FELIX"
"1354","FERNANDA"
"1355","FERNANDES"
"1356","FERNANDINO"
"1357","FERNANDO"
"1358","FIDELCINO"
"1359","FIDELIS"
"1360","FIDELNEI"
"1361","FILADELFO"
"1362","FILINTO"
"1363","FILIPE"
"1364","FILOMENA"
"1365","FILORENCIO"
"1366","FIORAVANTE"
"1367","FIRMO"
"1368","FLANDERSON"
"1369","FLAVIA"
"1370","FLAVIANO"
"1371","FLAVIO"
"1372","FLAVIUS"
"1373","FLEUD"
"1374","FLODALINA"
"1375","FLORACY"
"1376","FLORDOARDO"
"1377","FLORENCIO"
"1378","FLORENTINA"
"1379","FLORENTINO"
"1380","FLORESTANO"
"1381","FLORIANO"
"1382","FLORINDA"
"1383","FLORIPES"
"1384","FLORISCENA"
"1385","FLORISVALDO"
"1386","FLORITA"
"1387","FLOZINO"
"1388","FRAIM"
"1389","FRANCIELE"
"1390","FRANCIS"
"1391","FRANCISCA"
"1392","FRANCISCO"
"1393","FRANCISMAR"
"1394","FRANCLIN"
"1395","FRANCO"
"1396","FRANKIMAR"
"1397","FRANKLIN"
"1398","FRED"
"1399","FREDERICA"
"1400","FREDERICO"
"1401","FREDSON"
"1402","FRITZ"
"1403","FULVIO"
"1404","GABRIEL"
"1405","GABRIELA"
"1406","GALDINO"
"1407","GALILEU"
"1408","GALVANE"
"1409","GASPAR"
"1410","GASTAO"
"1411","GAUDENCIO"
"1412","GECE"
"1413","GECILIA"
"1414","GECYR"
"1415","GECYRON"
"1416","GEDALIA"
"1417","GEDIEL"
"1418","GEILSON"
"1419","GEISIMAR"
"1420","GELCIRA"
"1421","GELIO"
"1422","GELSON"
"1423","GELTON"
"1424","GELVA"
"1425","GELZA"
"1426","GEMINIANO"
"1427","GENALDO"
"1428","GENARIO"
"1429","GENARO"
"1430","GENECY"
"1431","GENEROSA"
"1432","GENES"
"1433","GENESIA"
"1434","GENESIO"
"1435","GENEVAL"
"1436","GENI"
"1437","GENIBALDE"
"1438","GENIL"
"1439","GENILDA"
"1440","GENILDO"
"1441","GENILSON"
"1442","GENILTON"
"1443","GENITA"
"1444","GENIVALDO"
"1445","GENNESON"
"1446","GENOVEVA"
"1447","GENTIL"
"1448","GENUINO"
"1449","GENY"
"1450","GEORGE"
"1451","GEORGINA"
"1452","GEOVAM"
"1453","GEOVANES"
"1454","GEOVANNI"
"1455","GERACI"
"1456","GERALDA"
"1457","GERALDINA"
"1458","GERALDINO"
"1459","GERALDO"
"1460","GERANDIRA"
"1461","GERCILIO"
"1462","GERCINO"
"1463","GERCY"
"1464","GERD"
"1465","GERIEL"
"1466","GERMANO"
"1467","GEROLIVIA"
"1468","GERONIMO"
"1469","GEROVAL"
"1470","GERSON"
"1471","GERTRUDES"
"1472","GERVAL"
"1473","GERVASIO"
"1474","GESI"
"1475","GESO"
"1476","GESSI"
"1477","GESSICA"
"1478","GESSY"
"1479","GETISEMANI"
"1480","GETRO"
"1481","GETULIO"
"1482","GEYZON"
"1483","GIL"
"1484","GILBERICO"
"1485","GILBERTO"
"1486","GILCELIO"
"1487","GILDA"
"1488","GILDECI"
"1489","GILDETE"
"1490","GILDMAM"
"1491","GILDO"
"1492","GILENE"
"1493","GILFAR"
"1494","GILLIARD"
"1495","GILMA"
"1496","GILMAR"
"1497","GILSO"
"1498","GILSON"
"1499","GILTON"
"1500","GILVAN"
"1501","GIOCONDA"
"1502","GIONE"
"1503","GIOVANE"
"1504","GIOVANI"
"1505","GIOVANNI"
"1506","Gisione"
"1507","GISLAYNE"
"1508","GISON"
"1509","GIUSEPPE"
"1510","GIZELIA"
"1511","GLADISSON"
"1512","GLADSOM"
"1513","GLADSTONE"
"1514","GLAUBER"
"1515","GLAUCIA"
"1516","GLAUCIGLEI"
"1517","GLAUCIO"
"1518","GLAUCO"
"1519","GLAUDETT"
"1520","GLAUDINEI"
"1521","GLAUDISON"
"1522","GLAURA"
"1523","GLAURISTON"
"1524","GLECY"
"1525","GLEDSON"
"1526","GLEICIANO"
"1527","GLEIDSON"
"1528","GLEISON"
"1529","GLEISSON"
"1530","GLEYDE"
"1531","GLICERIA"
"1532","GLIVALBER"
"1533","GLORIA"
"1534","GLYCON"
"1535","GLYDES"
"1536","GODOFREDO"
"1537","GONCALO"
"1538","GRACAS"
"1539","GRACI"
"1540","GRACIANO"
"1541","GRACIETE"
"1542","GRACILIANO"
"1543","GRAZIELLE"
"1544","GREDSON"
"1545","GREIDISON"
"1546","GREISON"
"1547","GUARACI"
"1548","GUARACYARA"
"1549","GUIDO"
"1550","GUILHERME"
"1551","GUILHERMINA"
"1552","GUIOMACY"
"1553","GUIOMAR"
"1554","GUMERCINA"
"1555","GUSTAVO"
"1556","GUTEMBERG"
"1557","GUTIERRES"
"1558","HAILTON"
"1559","HAMILTON"
"1560","HAROLDO"
"1561","HARTEMIO"
"1562","HARVEY"
"1563","HASENCLEVER"
"1564","HAYDEE"
"1565","HEBE"
"1566","HEBER"
"1567","HEBERSON"
"1568","HEBERT"
"1569","HEDER"
"1570","HEDES"
"1571","HEDIMILCO"
"1572","HEDY"
"1573","HEIDER"
"1574","HEIDI"
"1575","HEITOR"
"1576","HELBIO"
"1577","HELCIO"
"1578","HELDER"
"1579","HELEANA"
"1580","HELENA"
"1581","HELENI"
"1582","HELENISE"
"1583","HELENO"
"1584","HELES"
"1585","HELIA"
"1586","HELIANA"
"1587","HELIDA"
"1588","HELIO"
"1589","HÉLIO"
"1590","HELIOMAR"
"1591","HELKER"
"1592","HELMER"
"1593","HELMUT"
"1594","HELOISA"
"1595","HELOIZA"
"1596","HELSON"
"1597","HELTON"
"1598","HELVECIO"
"1599","HELVIO"
"1600","HELY"
"1601","HEMERSOM"
"1602","HENEDINA"
"1603","HENRIQUE"
"1604","HENRIQUETA"
"1605","HENRY"
"1606","HEQUEL"
"1607","HERACLITO"
"1608","HERALDO"
"1609","HERCILIO"
"1610","HERCULANO"
"1611","HERCULES"
"1612","HEREMILDO"
"1613","HERENITA"
"1614","HERIBERTO"
"1615","HERILDO"
"1616","HERIO"
"1617","HERMENEGILDO"
"1618","HERMES"
"1619","HERMINDA"
"1620","HERMINIA"
"1621","HERMINIO"
"1622","HERMOGENIO"
"1623","HEROMAR"
"1624","HERON"
"1625","HERONILTON"
"1626","HERVAL"
"1627","HEVERTON"
"1628","HIELEM"
"1629","HILARIO"
"1630","HILDA"
"1631","HILDEBRANDO"
"1632","HILDETH"
"1633","HILDO"
"1634","HILDON"
"1635","HILMO"
"1636","HILTON"
"1637","HOLANDINO"
"1638","HOLENDINO"
"1639","HOMERO"
"1640","HONORIO"
"1641","HORACIO"
"1642","HOSANA"
"1643","HOSANAH"
"1644","HUDSON"
"1645","HUELITON"
"1646","HUELQUER"
"1647","HUET"
"1648","HUGO"
"1649","HUILDSON"
"1650","HUMBERTO"
"1651","HYLTON"
"1652","IACY"
"1653","IACYN"
"1654","IARA"
"1655","IBERE"
"1656","IBERIO"
"1657","IBIS"
"1658","IBRAHIM"
"1659","ICLEA"
"1660","IDA"
"1661","IDAIL"
"1662","IDALICE"
"1663","IDALINA"
"1664","IDALIO"
"1665","IDALIZAR"
"1666","IDEAL"
"1667","IDELOND"
"1668","IDELSON"
"1669","IDERIA"
"1670","IDIS"
"1671","IDMAR"
"1672","IDOMAR"
"1673","IEDA"
"1674","IEDDA"
"1675","IEVE"
"1676","IGLEIDE"
"1677","IGNACIO"
"1678","IGNES"
"1679","IGNEZ"
"1680","IGOR"
"1681","IJACONI"
"1682","IJAIR"
"1683","ILARIO"
"1684","ILBA"
"1685","ILCA"
"1686","ILDA"
"1687","ILDEFONSO"
"1688","ILDEU"
"1689","ILERMINES"
"1690","ILIDIA"
"1691","ILKA"
"1692","ILMA"
"1693","ILMAR"
"1694","ILMO"
"1695","ILSA"
"1696","ILSON"
"1697","ILTOM"
"1698","ILTON"
"1699","ILZA"
"1700","ILZENI"
"1701","IMERO"
"1702","INACIO"
"1703","INDALECIA"
"1704","INEIDA"
"1705","INELSON"
"1706","INES"
"1707","INEZ"
"1708","INIS"
"1709","INOCENCIA"
"1710","INOCENCIO"
"1711","IOLANDA"
"1712","IOLENE"
"1713","IOMAR"
"1714","IONE"
"1715","IRACEMA"
"1716","IRACI"
"1717","IRACY"
"1718","IRAN"
"1719","IRANI"
"1720","IRANY"
"1721","IRATUPAN"
"1722","IRENE"
"1723","IRENI"
"1724","IRIA"
"1725","IRINEA"
"1726","IRINEU"
"1727","IRIS"
"1728","IRLANOS"
"1729","IRNA"
"1730","IRON"
"1731","ISA"
"1732","ISABEL"
"1733","ISAC"
"1734","ISAIAS"
"1735","ISALTINO"
"1736","ISAURA"
"1737","ISAURINO"
"1738","ISDRA"
"1739","ISE"
"1740","ISLAYR"
"1741","ISMAEL"
"1742","ISMAIL"
"1743","ISMAR"
"1744","ISMERINO"
"1745","ISNALDO"
"1746","ISRAEL"
"1747","ITAGIRA"
"1748","ITALO"
"1749","ITAMAR"
"1750","ITAMIR"
"1751","ITELVINO"
"1752","ITO"
"1753","IUDAN"
"1754","IVA"
"1755","IVALDO"
"1756","IVAM"
"1757","IVAN"
"1758","IVANETE"
"1759","IVANI"
"1760","IVANIL"
"1761","IVANILDO"
"1762","IVANILSON"
"1763","IVANIR"
"1764","IVANITA"
"1765","IVANOR"
"1766","IVANY"
"1767","IVAR"
"1768","IVETE"
"1769","IVETH"
"1770","IVETTE"
"1771","IVO"
"1772","IVONE"
"1773","IVONETE"
"1774","IVONILDE"
"1775","IZA"
"1776","IZABEL"
"1777","IZAIAS"
"1778","IZALDI"
"1779","IZALTINA"
"1780","IZALTINO"
"1781","IZAURA"
"1782","IZETE"
"1783","IZIDORO"
"1784","IZILDINHA"
"1785","IZO"
"1786","IZOLINA"
"1787","JACELITO"
"1788","JACI"
"1789","JACIBERA"
"1790","JACILDA"
"1791","JACIMAR"
"1792","JACINTHA"
"1793","JACINTO"
"1794","JACIR"
"1795","JACIRA"
"1796","JACKSON"
"1797","JACO"
"1798","JACONIAS"
"1799","JACQUES"
"1800","JACY"
"1801","JACYL"
"1802","JACYR"
"1803","JACYRA"
"1804","JACYREMA"
"1805","JADER"
"1806","JADILSON"
"1807","JADILZA"
"1808","JADIR"
"1809","JADSON"
"1810","JADYR"
"1811","JAETE"
"1812","JAFET"
"1813","JAHASIEL"
"1814","JAIDER"
"1815","JAILDA"
"1816","JAILTON"
"1817","JAILZA"
"1818","JAIME"
"1819","JAIR"
"1820","JAIRA"
"1821","JAIRO"
"1822","JAIZA"
"1823","JALBER"
"1824","JALES"
"1825","JALTAIR"
"1826","JAMES"
"1827","JAMIR"
"1828","JAMYR"
"1829","JANAINA"
"1830","JANCIR"
"1831","JANDIR"
"1832","JANDIRA"
"1833","JANDIRO"
"1834","JANDYRA"
"1835","JANE"
"1836","JANETE"
"1837","JANINE"
"1838","JANIO"
"1839","JANSEN"
"1840","JANYRA"
"1841","JAQUELINE"
"1842","JAQUES"
"1843","JARBAS"
"1844","JARDEL"
"1845","JARDELINA"
"1846","JARDES"
"1847","JAREDIS"
"1848","JARLECY"
"1849","JARLEI"
"1850","JARLETH"
"1851","JARY"
"1852","JASANIAS"
"1853","JASON"
"1854","JASSEN"
"1855","JAURA"
"1856","JAYME"
"1857","JAYNE"
"1858","JAYR"
"1859","JEALOUSLY"
"1860","JEAN"
"1861","JEANDERSON"
"1862","JEANETE"
"1863","JECHONIAS"
"1864","JECIMAR"
"1865","JEDER"
"1866","JEFERSON"
"1867","JEFFERSON"
"1868","JEHOVAH"
"1869","JEISON"
"1870","JENNER"
"1871","JENNY"
"1872","JEOVA"
"1873","JEOVAH"
"1874","JEREMIAS"
"1875","JERINO"
"1876","JERONIMO"
"1877","JERRY"
"1878","JERSINA"
"1879","JERUSA"
"1880","JESSE"
"1881","JESSI"
"1882","JESSICA"
"1883","JESSIE"
"1884","JESSY"
"1885","JESUS"
"1886","JEZIEL"
"1887","JEZIO"
"1888","JHONATAN"
"1889","JHONNY"
"1890","JILBERTO"
"1891","JOACI"
"1892","JOANA"
"1893","JOANES"
"1894","JOANICE"
"1895","JOANICO"
"1896","JOANINHA"
"1897","JOANITA"
"1898","JOAO"
"1899","JOÃO"
"1900","JOAQUIM"
"1901","JOAQUINA"
"1902","JOAREZ"
"1903","JOAZ"
"1904","JOBIO"
"1905","JOCARLY"
"1906","JOCELIN"
"1907","JOCELY"
"1908","JOCINVAL"
"1909","JOEL"
"1910","JOELSON"
"1911","JOHANN"
"1912","JOILDO"
"1913","JOLMIR"
"1914","JOLVIMAR"
"1915","JOMIR"
"1916","JONAS"
"1917","JONATAN"
"1918","JONATAS"
"1919","JONATHAS"
"1920","JONES"
"1921","JONY"
"1922","JORDAO"
"1923","JORDENIR"
"1924","JORGE"
"1925","JORGELITO"
"1926","JORSEMIR"
"1927","JOSALDINE"
"1928","JOSCELINO"
"1929","JOSE"
"1930","JOSÉ"
"1931","JOSEFA"
"1932","JOSEFINA"
"1933","JOSEFINO"
"1934","JOSELINA"
"1935","JOSELITA"
"1936","JOSEMAR"
"1937","JOSENETH"
"1938","JOSENIR"
"1939","JOSENY"
"1940","JOSENYLDO"
"1941","JOSEPHA"
"1942","JOSETH"
"1943","JOSIAS"
"1944","JOSILENE"
"1945","JOSIMAR"
"1946","JOSINO"
"1947","JOSIR"
"1948","JOSMAR"
"1949","JOSSY"
"1950","JOSUE"
"1951","JOUBERTH"
"1952","JOVALDO"
"1953","JOVELINA"
"1954","JOVELINO"
"1955","JOVEM"
"1956","JOVENIL"
"1957","JOVENTINA"
"1958","JOVENTINO"
"1959","JOVINA"
"1960","JOVINIANO"
"1961","JOVINO"
"1962","JOVITO"
"1963","JOYNE"
"1964","JOZEMARIO"
"1965","JUACIR"
"1966","JUAN"
"1967","JUANA"
"1968","JUAREZ"
"1969","JUARINA"
"1970","JUBEL"
"1971","JUBERLI"
"1972","JUBERTE"
"1973","JUBERTO"
"1974","JUÇARA"
"1975","JUCELINO"
"1976","JUCEMAR"
"1977","JUCINEIDE"
"1978","JUCIVAN"
"1979","JUDAS"
"1980","JUDIGERFFESSON"
"1981","JUDIS"
"1982","JUDITE"
"1983","JUDITH"
"1984","JUDSMAR"
"1985","JUDSON"
"1986","JULBERTO"
"1987","JULIA"
"1988","JULIANA"
"1989","JULIANE"
"1990","JULIERME"
"1991","JULIETA"
"1992","JULIO"
"1993","JULITA"
"1994","JULSABETE"
"1995","JUNE"
"1996","JUNIA"
"1997","JUNIO"
"1998","JUNIOR"
"1999","JUPIACI"
"2000","JURACEMA"
"2001","JURACI"
"2002","JURACY"
"2003","JURAIR"
"2004","JURANDI"
"2005","JURANDIR"
"2006","JURANDY"
"2007","JURANDYR"
"2008","JUREMAR"
"2009","JURUCEI"
"2010","JUSCELINA"
"2011","JUSCELINO"
"2012","JUSSARA"
"2013","JUSTINO"
"2014","JUSTO"
"2015","JUVENAL"
"2016","JUVENCIO"
"2017","JUVENIL"
"2018","JUVENTINO"
"2019","KAREN"
"2020","KARINA"
"2021","KARINE"
"2022","KATIA"
"2023","KEILA"
"2024","KELLY"
"2025","KENIO"
"2026","KENNER"
"2027","KEYLA"
"2028","KILBER"
"2029","KIYOSHI"
"2030","KLEBER"
"2031","KLEUBER"
"2032","KLICIA"
"2033","LACI"
"2034","LACY"
"2035","LADISLAU"
"2036","LADSON"
"2037","LAERCIO"
"2038","LAERSON"
"2039","LAERT"
"2040","LAERTE"
"2041","LAFAIETE"
"2042","LAHYR"
"2043","LAIDE"
"2044","LAILA"
"2045","LAIR"
"2046","LAIRTON"
"2047","LAIZ"
"2048","LANDRI"
"2049","LANNA"
"2050","LARRY"
"2051","LARY"
"2052","LAUCI"
"2053","LAUDECYR"
"2054","LAUDELINO"
"2055","LAUDICÉIA"
"2056","LAUDINO"
"2057","LAURA"
"2058","LAUREANO"
"2059","LAURECI"
"2060","LAURENCO"
"2061","LAURENICIA"
"2062","LAURENTINA"
"2063","LAURENTINO"
"2064","LAURENY"
"2065","LAURIDES"
"2066","LAURINDA"
"2067","LAURINDO"
"2068","LAURITA"
"2069","LAURITO"
"2070","LAURO"
"2071","LAVINIA"
"2072","LAYRO"
"2073","LEA"
"2074","LÉA"
"2075","LEANDRA"
"2076","LEANDRO"
"2077","LECIO"
"2078","LECY"
"2079","LEDA"
"2080","LEDIR"
"2081","LEIDA"
"2082","LEILA"
"2083","LEINA"
"2084","LEIR"
"2085","LEISE"
"2086","LELES"
"2087","LEMUEL"
"2088","LENI"
"2089","LENICE"
"2090","LENILDA"
"2091","LENIO"
"2092","LENIS"
"2093","LENITA"
"2094","LENOIR"
"2095","LEOMAR"
"2096","LEONARDO"
"2097","LEONCIO"
"2098","LEONEL"
"2099","LEONI"
"2100","LEONIDAS"
"2101","LEONIDIO"
"2102","LEONILDA"
"2103","LEONIR"
"2104","LEONOR"
"2105","LEONTINA"
"2106","LEOPOLDINA"
"2107","LEOPOLDINO"
"2108","LEOZILIO"
"2109","LESIA"
"2110","LETICIA"
"2111","LETIVAN"
"2112","LEUSA"
"2113","LEVI"
"2114","LEVINO"
"2115","LEVY"
"2116","LEYDSON"
"2117","LEZIO"
"2118","LIA"
"2119","LIANDRO"
"2120","LIANE"
"2121","LIBERALINA"
"2122","LICINIO"
"2123","LIDEFONCIO"
"2124","LIDIA"
"2125","LIDIANE"
"2126","LIDIO"
"2127","LIDISSON"
"2128","LIELSON"
"2129","LILIA"
"2130","LILIOSA"
"2131","LIMARIO"
"2132","LINA"
"2133","LINCOLN"
"2134","LINDA"
"2135","LINDACY"
"2136","LINDALVA"
"2137","LINDANUZA"
"2138","LINDAURA"
"2139","LINDINAURA"
"2140","LINDOBERTO"
"2141","LINDOLPHO"
"2142","LINDOMAR"
"2143","LINDONARIA"
"2144","LINDONOR"
"2145","LINEA"
"2146","LINEU"
"2147","LINO"
"2148","LINOMAR"
"2149","LINORESBERG"
"2150","LIOBANO"
"2151","LIONILCIO"
"2152","LIONINA"
"2153","LIRIA"
"2154","LIRIO"
"2155","LIVIO"
"2156","LIZ"
"2157","LIZETE"
"2158","LOACY"
"2159","LOESTER"
"2160","LORENA"
"2161","LORIVAL"
"2162","LOURDES"
"2163","LOURENCO"
"2164","LOURENÇO"
"2165","LOURIVAL"
"2166","LOURIVALDO"
"2167","LOUZIVAL"
"2168","LUACY"
"2169","LUAN"
"2170","LUANDA"
"2171","LUBIA"
"2172","LUCAS"
"2173","LUCELIA"
"2174","LUCI"
"2175","LUCIA"
"2176","LUCIANO"
"2177","LUCIDELIA"
"2178","LUCIENE"
"2179","LUCILA"
"2180","LUCILDES"
"2181","LUCILIA"
"2182","LUCILIO"
"2183","LUCIMAR"
"2184","LUCINDA"
"2185","LUCINEA"
"2186","LUCIO"
"2187","LUCIVAL"
"2188","LUCRECIA"
"2189","LUCRECIO"
"2190","LUCY"
"2191","LUDGERO"
"2192","LUIANA"
"2193","LUIDE"
"2194","LUIS"
"2195","LUISA"
"2196","LUIZ"
"2197","LUIZA"
"2198","LUNGRES"
"2199","LUSIA"
"2200","LUTHGARDA"
"2201","LUZEMIR"
"2202","LUZIA"
"2203","LUZIENE"
"2204","LUZIMAR"
"2205","LUZINETE"
"2206","LUZITA"
"2207","LYA"
"2208","LYGIA"
"2209","MACARIO"
"2210","MACEDONIO"
"2211","MADALENA"
"2212","MADSON"
"2213","MAFALDA"
"2214","MAGDA"
"2215","MAGNA"
"2216","MAGNO"
"2217","MAGNOLIA"
"2218","MAGSON"
"2219","MAHILDO"
"2220","MAICON"
"2221","MAIL"
"2222","MAILSON"
"2223","MALDA"
"2224","MALVINA"
"2225","MALY"
"2226","MAMEDE"
"2227","MANOEL"
"2228","MANOELA"
"2229","MANOELINA"
"2230","MANOELITA"
"2231","MANSUETO"
"2232","MANUEL"
"2233","MANY"
"2234","MARA"
"2235","MARCEL"
"2236","MARCELINO"
"2237","MARCELIO"
"2238","MARCELLO"
"2239","MARCELO"
"2240","MARCIA"
"2241","MARCIAL"
"2242","MARCIANO"
"2243","MARCILIA"
"2244","MARCILIO"
"2245","MARCIO"
"2246","MÁRCIO"
"2247","MARCO"
"2248","MARCOLINO"
"2249","MARCONDES"
"2250","MARCONI"
"2251","MARCOS"
"2252","MARCUS"
"2253","MARFIZA"
"2254","MARGARETE"
"2255","MARGARIDA"
"2256","MARGOLEYKSON"
"2257","MARI"
"2258","MARIA"
"2259","Maria"
"2260","MARIANA"
"2261","MARIANO"
"2262","MARIE"
"2263","MARILAC"
"2264","MARILANDE"
"2265","MARILCE"
"2266","MARILDA"
"2267","MARILDE"
"2268","MARILEIDE"
"2269","MARILENA"
"2270","MARILENE"
"2271","MARILIA"
"2272","MARILVIO"
"2273","MARILZA"
"2274","MARINA"
"2275","MARINALVA"
"2276","MARINETE"
"2277","MARINHA"
"2278","MARINHO"
"2279","MARINOSE"
"2280","MARIO"
"2281","MARIOSAN"
"2282","MARISA"
"2283","MARISE"
"2284","MARISTELA"
"2285","MARIZA"
"2286","MARIZETTE"
"2287","MARIZICA"
"2288","MARLE"
"2289","MARLECIO"
"2290","MARLENE"
"2291","MARLI"
"2292","MARLINDA"
"2293","MARLINI"
"2294","MARLINIA"
"2295","MARLLON"
"2296","MARLON"
"2297","MARLUCE"
"2298","MARLY"
"2299","MARTA"
"2300","MARTHA"
"2301","MARTINELI"
"2302","MARTINHO"
"2303","MARY"
"2304","MARYZA"
"2305","MATEUS"
"2306","MATHEUS"
"2307","MATHIAS"
"2308","MATILDE"
"2309","MATOSALEM"
"2310","MAURA"
"2311","MAURI"
"2312","MAURICEA"
"2313","MAURICIO"
"2314","MAURILIA"
"2315","MAURILIO"
"2316","MAURILLO"
"2317","MAURILO"
"2318","MAURINA"
"2319","MAURINHO"
"2320","MAURINO"
"2321","MAURIZA"
"2322","MAURO"
"2323","MAX"
"2324","MAXIMIANO"
"2325","MAXIMO"
"2326","MAYKHOM"
"2327","MECIAS"
"2328","MEDARDO"
"2329","MEDEA"
"2330","MEIRES"
"2331","MELQUIADES"
"2332","MERCEDES"
"2333","MERCES"
"2334","MERCIDE"
"2335","MERCINA"
"2336","MERIENE"
"2337","MESSIAS"
"2338","MICHAEL"
"2339","MIGUEL"
"2340","MILCA"
"2341","MILCE"
"2342","MILENA"
"2343","MILERME"
"2344","MILLER"
"2345","MILTA"
"2346","MILTILHA"
"2347","MILTON"
"2348","MILZA"
"2349","MINELITA"
"2350","MINELVINA"
"2351","MINERVINO"
"2352","MIOVEL"
"2353","MIRACI"
"2354","MIRANDINA"
"2355","MIRDA"
"2356","MIRIAM"
"2357","MIRIAN"
"2358","MIRNA"
"2359","MIRON"
"2360","MIRTES"
"2361","MIRTHO"
"2362","MISAEL"
"2363","MOACIR"
"2364","MOACYR"
"2365","MODESTINO"
"2366","MODESTO"
"2367","MOISES"
"2368","MONICA"
"2369","MORAIMA"
"2370","MORETIS"
"2371","MORGADO"
"2372","MOYSES"
"2373","MOZART"
"2374","MUCIO"
"2375","MURILO"
"2376","MUSSOLINI"
"2377","MYRTES"
"2378","MYRTHES"
"2379","MYRTON"
"2380","NADIR"
"2381","NADYA"
"2382","NADYR"
"2383","NAGIB"
"2384","NAHUR"
"2385","NAIDES"
"2386","NAILDE"
"2387","NAILTER"
"2388","NAIR"
"2389","NALDINHA"
"2390","NALECIA"
"2391","NALY"
"2392","NAME"
"2393","NANCE"
"2394","NANCY"
"2395","NAPOLEAO"
"2396","NARA"
"2397","NARCISA"
"2398","NARCISO"
"2399","NASCIMENTO"
"2400","NATAL"
"2401","NATALICIO"
"2402","NATALINA"
"2403","NATALINO"
"2404","NATAN"
"2405","NATANAEL"
"2406","NATANIEL"
"2407","NATAVIA"
"2408","NATELMO"
"2409","NATERCIA"
"2410","NATHALIO"
"2411","NATHANAEL"
"2412","NATIVAL"
"2413","NATIVIDAD"
"2414","NATIVIDADE"
"2415","NAURO"
"2416","NAVANTINO"
"2417","NAZARE"
"2418","NAZARENO"
"2419","NAZARETH"
"2420","NAZIRA"
"2421","NEDY"
"2422","NEEMIAS"
"2423","NEGIANE"
"2424","NEHEMIAS"
"2425","NEI"
"2426","NEIDE"
"2427","NEILSON"
"2428","NEIMAR"
"2429","NEIVA"
"2430","NELCI"
"2431","NELCINDA"
"2432","NELCY"
"2433","NELI"
"2434","NELIA"
"2435","NELIO"
"2436","NELITA"
"2437","NELITO"
"2438","NELLE"
"2439","NELLI"
"2440","NELLY"
"2441","NELMA"
"2442","NELMYR"
"2443","NELOYR"
"2444","NELSON"
"2445","NELY"
"2446","NENIS"
"2447","NERCI"
"2448","NERCY"
"2449","NERY"
"2450","NESTOR"
"2451","NEUSA"
"2452","NEUZA"
"2453","NEWTON"
"2454","NEY"
"2455","NEYDE"
"2456","NEYLA"
"2457","NEZILDA"
"2458","NICANOR"
"2459","NICE"
"2460","NICOMEDES"
"2461","NILA"
"2462","NILBERTO"
"2463","NILCA"
"2464","NILCE"
"2465","NILDA"
"2466","NILDE"
"2467","NILIA"
"2468","NILMA"
"2469","NILMO"
"2470","NILO"
"2471","NILSA"
"2472","NILSON"
"2473","NILTON"
"2474","NILVANDERSON"
"2475","NILZA"
"2476","NILZO"
"2477","NILZON"
"2478","NINFA"
"2479","NINIO"
"2480","NIRTO"
"2481","NISIA"
"2482","NISLENE"
"2483","NISUS"
"2484","NIVALDA"
"2485","NIVALDO"
"2486","NIZIA"
"2487","NODINIO"
"2488","NOE"
"2489","NOEL"
"2490","NOEME"
"2491","NOEMEA"
"2492","NOEMI"
"2493","NOEMIA"
"2494","NOEMIO"
"2495","NOEMITA"
"2496","NOLITA"
"2497","NONATO"
"2498","NORBERTO"
"2499","NORELI"
"2500","NORIVAL"
"2501","NORMA"
"2502","NORMAN"
"2503","NORMANDES"
"2504","NORMANDO"
"2505","NORMELIA"
"2506","NORMILIA"
"2507","NORMINA"
"2508","NORMINDO"
"2509","NUBIA"
"2510","NUNO"
"2511","OBDENIGO"
"2512","OCARLINA"
"2513","OCLEZIO"
"2514","OCTAVIO"
"2515","OCTILIA"
"2516","ODAIR"
"2517","ODELIO"
"2518","ODELYR"
"2519","ODENI"
"2520","ODETE"
"2521","ODETTE"
"2522","ODILA"
"2523","ODILAR"
"2524","ODILIA"
"2525","ODILIO"
"2526","ODILON"
"2527","ODILVAN"
"2528","ODINEIA"
"2529","ODIVALDO"
"2530","ODOCACIR"
"2531","ODUVALDO"
"2532","ODYR"
"2533","OILSON"
"2534","OLAVIA"
"2535","OLAVIO"
"2536","OLAVO"
"2537","OLAYR"
"2538","OLDAQUE"
"2539","OLEGARIO"
"2540","OLEMAR"
"2541","OLGA"
"2542","OLIMPIA"
"2543","OLIMPIO"
"2544","OLINDA"
"2545","OLINDINA"
"2546","OLINTA"
"2547","OLINTO"
"2548","OLIVAL"
"2549","OLIVEIRO"
"2550","OLIVERIO"
"2551","OLIVIA"
"2552","OLIVIO"
"2553","OLNEY"
"2554","OLYMPIA"
"2555","OMAR"
"2556","ONAIR"
"2557","ONARIA"
"2558","ONDINA"
"2559","ONEIDA"
"2560","ONEILI"
"2561","ONESIMO"
"2562","ONESIO"
"2563","ONEZIMO"
"2564","ONIAS"
"2565","ONICIO"
"2566","ONILDO"
"2567","ONILHA"
"2568","ONIVALDO"
"2569","ONOFRA"
"2570","ONOFRE"
"2571","OPHELIA"
"2572","OQUENES"
"2573","ORACINIO"
"2574","ORALDO"
"2575","ORANEI"
"2576","ORCELINA"
"2577","ORCINA"
"2578","ORDALIA"
"2579","ORDIVAL"
"2580","ORELINO"
"2581","ORENI"
"2582","ORESTE"
"2583","ORESTES"
"2584","OREZINA"
"2585","ORFANI"
"2586","ORIDES"
"2587","ORIENTE"
"2588","ORILDO"
"2589","ORION"
"2590","ORIVAL"
"2591","ORLANDA"
"2592","ORLANDINO"
"2593","ORLANDO"
"2594","ORLANDY"
"2595","ORLANI"
"2596","ORLI"
"2597","ORLINDA"
"2598","ORLINDO"
"2599","ORLY"
"2600","ORMANDINA"
"2601","ORMECINDA"
"2602","ORMEU"
"2603","ORMI"
"2604","ORMINDO"
"2605","ORMY"
"2606","ORNELIA"
"2607","ORONDINO"
"2608","ORSINO"
"2609","ORTILEU"
"2610","OSCALINO"
"2611","OSCAR"
"2612","OSCARINA"
"2613","OSEAS"
"2614","OSEIAS"
"2615","OSELIAS"
"2616","OSMAN"
"2617","OSMAR"
"2618","OSMARINA"
"2619","OSMERINDO"
"2620","OSMIR"
"2621","OSORIA"
"2622","OSVALDINA"
"2623","OSVALDINO"
"2624","OSVALDO"
"2625","OSWALDINO"
"2626","OSWALDO"
"2627","OTACILIO"
"2628","OTAVIANA"
"2629","OTAVIO"
"2630","OTELINA"
"2631","OTELINO"
"2632","OTILIA"
"2633","OTILIO"
"2634","OTIMARIO"
"2635","OTTO"
"2636","OVIDIO"
"2637","OYVAL"
"2638","OZAIAS"
"2639","OZEAS"
"2640","OZIAS"
"2641","OZORIO"
"2642","PALMERINO"
"2643","PALMIRA"
"2644","PALMYRA"
"2645","PANTALEAO"
"2646","PATRICIA"
"2647","PATRÍCIA"
"2648","PATRICK"
"2649","PAULA"
"2650","PAULINA"
"2651","PAULINO"
"2652","PAULO"
"2653","PEDRO"
"2654","PEDROLINA"
"2655","PENHA"
"2656","PENHAIR"
"2657","PERBITTANT"
"2658","PERCILIO"
"2659","PERCY"
"2660","PERECLES"
"2661","PERICLES"
"2662","PERINO"
"2663","PERPETUA"
"2664","PERYCLES"
"2665","PETRINA"
"2666","PETRONILHA"
"2667","PETRONILO"
"2668","PETRUCIO"
"2669","PHILLIPE"
"2670","PHILOMENA"
"2671","PIA"
"2672","PIEDADE"
"2673","PIERINO"
"2674","PIO"
"2675","PLINIO"
"2676","PLOZNER"
"2677","PONCIANO"
"2678","PRESCILIANO"
"2679","PRESSELIA"
"2680","PRISCILA"
"2681","PRUDENCIA"
"2682","QUINIDIO"
"2683","QUINTILIANO"
"2684","RACINE"
"2685","RAFAEL"
"2686","RAFAELLA"
"2687","RAIMER"
"2688","RAIMUNDA"
"2689","RAIMUNDO"
"2690","RAIR"
"2691","RAISSA"
"2692","RALPH"
"2693","RAMES"
"2694","RAMIRO"
"2695","RAMON"
"2696","RANDOLFO"
"2697","RANIERE"
"2698","RANULFO"
"2699","RANULPHO"
"2700","RAPHAEL"
"2701","RAQUEL"
"2702","RAUL"
"2703","RAULENY"
"2704","RAYMAR"
"2705","RAYMUNDA"
"2706","RAYMUNDO"
"2707","RAYNIERE"
"2708","REDOSINO"
"2709","REGINA"
"2710","REGINALDA"
"2711","REGINALDO"
"2712","REGINO"
"2713","REILSON"
"2714","REINALDO"
"2715","REJANE"
"2716","REMINIO"
"2717","RENAN"
"2718","RENATA"
"2719","RENATO"
"2720","RENAULT"
"2721","RENE"
"2722","RENI"
"2723","RENILDE"
"2724","REYNALDO"
"2725","RICARDINA"
"2726","RICARDO"
"2727","RILDO"
"2728","RILZA"
"2729","RIORDAM"
"2730","RISETE"
"2731","RITA"
"2732","RIVADAVIA"
"2733","RIVADAVIO"
"2734","RIVAIL"
"2735","RIVONI"
"2736","ROBENS"
"2737","ROBERT"
"2738","ROBERTO"
"2739","ROBERVAL"
"2740","ROBESIO"
"2741","ROBINSON"
"2742","ROBSON"
"2743","RODINI"
"2744","RODNEY"
"2745","RODOLFO"
"2746","RODRIGO"
"2747","ROGER"
"2748","ROGERIO"
"2749","ROGÉRIO"
"2750","ROLAND"
"2751","ROLDAO"
"2752","ROLEMBERG"
"2753","ROLISTOM"
"2754","ROMANA"
"2755","ROMARIO"
"2756","ROMAZINO"
"2757","ROMERO"
"2758","ROMES"
"2759","ROMEU"
"2760","ROMILDA"
"2761","ROMILDO"
"2762","ROMILTON"
"2763","ROMIN"
"2764","ROMUALDO"
"2765","ROMULO"
"2766","RONAILTOM"
"2767","RONALD"
"2768","RONALDO"
"2769","RONDINELE"
"2770","RONDINELY"
"2771","RONE"
"2772","RONEY"
"2773","RONILDO"
"2774","RONILTON"
"2775","RONISETE"
"2776","RONIVALDO"
"2777","RONOTIR"
"2778","RONY"
"2779","ROQUE"
"2780","ROSA"
"2781","ROSAINE"
"2782","ROSALDO"
"2783","ROSALIA"
"2784","ROSALINA"
"2785","ROSALVO"
"2786","ROSALY"
"2787","ROSANA"
"2788","ROSANE"
"2789","ROSANGELA"
"2790","ROSANI"
"2791","ROSEANA"
"2792","ROSELANE"
"2793","ROSELENE"
"2794","ROSELI"
"2795","ROSELIA"
"2796","ROSELY"
"2797","ROSELYS"
"2798","ROSEMARI"
"2799","ROSEMARIE"
"2800","ROSEMARY"
"2801","ROSEMERI"
"2802","ROSEMIRE"
"2803","ROSENILDA"
"2804","ROSENILIA"
"2805","ROSICLER"
"2806","ROSILEIA"
"2807","ROSILENE"
"2808","ROSIMARY"
"2809","ROSIMOND"
"2810","ROSITA"
"2811","ROZA"
"2812","ROZAMARIA"
"2813","ROZIMERE"
"2814","ROZINA"
"2815","RUBEM"
"2816","RUBENS"
"2817","RUBERVAL"
"2818","RUDOLFO"
"2819","RUI"
"2820","RUTE"
"2821","RUTH"
"2822","RUTHE"
"2823","RUTHINEIA"
"2824","RUTHYLEA"
"2825","RUTIELE"
"2826","RUY"
"2827","RUZEVEL"
"2828","SABINA"
"2829","SABINO"
"2830","SAD"
"2831","SADY"
"2832","SALMA"
"2833","SALOMAO"
"2834","SALUSTIANO"
"2835","SALVADOR"
"2836","SALVINA"
"2837","SALVINO"
"2838","SALVIO"
"2839","SAMARONY"
"2840","SAMIR"
"2841","SAMUEL"
"2842","SANCHA"
"2843","SANDER"
"2844","SANDI"
"2845","SANDOVAL"
"2846","SANDRA"
"2847","SANDRO"
"2848","SANTA"
"2849","SANTILHO"
"2850","SANTINA"
"2851","SANTINHA"
"2852","SANTOS"
"2853","SARA"
"2854","SATORELIO"
"2855","SATURNINO"
"2856","SAUL"
"2857","SAULO"
"2858","SAVIO"
"2859","SCHENA"
"2860","SEBASTIANA"
"2861","SEBASTIAO"
"2862","SEBASTIÃO"
"2864","SECUNDINO"
"2865","SELMA"
"2866","SELMI"
"2867","SELMO"
"2868","SELUTA"
"2869","SENHORINHA"
"2870","SERAFIM"
"2871","SÉRGIO"
"2872","SERGIO"
"2873","SERVA"
"2874","SERVITA"
"2875","SERVOLO"
"2876","SETE"
"2877","SEVERINO"
"2878","SHEILA"
"2879","SHELDON"
"2880","SHERLIS"
"2881","SHIRLEI"
"2882","SHIRLEY"
"2883","SIARA"
"2884","SIDALIA"
"2885","SIDEMBURG"
"2886","SIDINEA"
"2887","SIDNEI"
"2888","SIDNEY"
"2889","SIDONIO"
"2890","SILAS"
"2891","SILDES"
"2892","SILLAS"
"2893","SILVALINO"
"2894","SILVANI"
"2895","SILVANO"
"2896","SILVESTRE"
"2897","SILVIA"
"2898","SILVINO"
"2899","SILVIO"
"2900","SIMAO"
"2901","SIMEAO"
"2902","SIMPLICIO"
"2903","SINAIR"
"2904","SINEDIL"
"2905","SINESIO"
"2906","SINEZIO"
"2907","SINVAL"
"2908","SINVALDO"
"2909","SINVALINO"
"2910","SIRLENE"
"2911","SIUMARA"
"2912","SOCORRO"
"2913","SODRE"
"2914","SOLANGE"
"2915","SOLIMAR"
"2916","SOLIVAN"
"2917","SOLON"
"2918","SONIA"
"2919","SOPHIA"
"2920","SORAYA"
"2921","SORMANE"
"2922","SOTERO"
"2923","STANLEY"
"2924","STEFANIA"
"2925","STELA"
"2926","STELIDA"
"2927","STELLA"
"2928","STENIO"
"2929","SUDARIA"
"2930","SUDARIO"
"2931","SUED"
"2932","SUELI"
"2933","SUELY"
"2934","SULAMITA"
"2935","SUZANA"
"2936","SUZETE"
"2937","SYDNEY"
"2938","SYLDY"
"2939","SYLVIA"
"2940","SYLVIO"
"2941","SYNVAL"
"2942","TADEU"
"2943","TAEL"
"2944","TAILYNE"
"2945","TAKAMITSU"
"2946","TALITA"
"2947","TANHIA"
"2948","TANIA"
"2949","TARCISIO"
"2950","TARCÍSIO"
"2951","TARCISO"
"2952","TARCIZIO"
"2953","TARCIZO"
"2954","TASSO"
"2955","TATIANO"
"2956","TED"
"2957","TELMA"
"2958","TELMO"
"2959","TEOBALDO"
"2960","TEODOLINA"
"2961","TEODOMIRO"
"2962","TEODORICO"
"2963","TEODORO"
"2964","TEOPOMPO"
"2965","TEOTONIO"
"2966","TERENCIO"
"2967","TERESA"
"2968","TERESINHA"
"2969","TEREZA"
"2970","TEREZINHA"
"2971","THADEU"
"2972","THAIS"
"2973","THALLYSSON"
"2974","THELMA"
"2975","THELMO"
"2976","THEMIRA"
"2977","THEODOSIO"
"2978","THEONILIO"
"2979","THEOTONIO"
"2980","THERESINHA"
"2981","THEREZA"
"2982","THEREZINHA"
"2983","THIAGO"
"2984","THOMAZ"
"2985","THOMPSON"
"2986","TIAGO"
"2987","TIHAGO"
"2988","TILDA"
"2989","TIOTINA"
"2990","TITO"
"2991","TOBBIAS"
"2992","TOBIAS"
"2993","TOLENTINO"
"2994","TORQUATO"
"2995","TRAJANO"
"2996","TRAZILBO"
"2997","TULEUS"
"2998","TULIO"
"2999","TURIBIO"
"3000","TUZANIA"
"3001","UBALDO"
"3002","UBELINA"
"3003","UBIRAJARA"
"3004","UBIRATAN"
"3005","UDILSON"
"3006","UDSON"
"3007","UEBER"
"3008","UILO"
"3009","UILSON"
"3010","UILZA"
"3011","ULYSSES"
"3012","UMBERTO"
"3013","UOSTON"
"3014","URGE"
"3015","URIEL"
"3016","URSULINO"
"3017","UZILIA"
"3018","VADNA"
"3019","VAGNER"
"3020","VALADARES"
"3021","VALDECI"
"3022","VALDECIR"
"3023","VALDECYR"
"3024","VALDEIR"
"3025","VALDELICE"
"3026","VALDELINO"
"3027","VALDEMAR"
"3028","VALDEMIR"
"3029","VALDERIA"
"3030","VALDETE"
"3031","VALDEVINA"
"3032","VALDEVINO"
"3033","VALDILENE"
"3034","VALDINER"
"3035","VALDINEY"
"3036","VALDIR"
"3037","VALDIRENE"
"3038","VALDISE"
"3039","VALDIVIA"
"3040","VALDIVINO"
"3041","VALDO"
"3042","VALDOMIRO"
"3043","VALDY"
"3044","VALENTIM"
"3045","VALERIA"
"3046","VALERIANO"
"3047","VALERIO"
"3048","VALFREDO"
"3049","VALMAR"
"3050","VALMIR"
"3051","VALMY"
"3052","VALQUIRIA"
"3053","VALSFRIDO"
"3054","VALTAIR"
"3055","VALTENCILIO"
"3056","VALTER"
"3057","VALTERLEI"
"3058","VALTUIR"
"3059","VAMBERTO"
"3060","VANDA"
"3061","VANDARLY"
"3062","VANDEIR"
"3063","VANDELINO"
"3064","VANDELSON"
"3065","VANDER"
"3066","VANDERLEI"
"3067","VANDERLI"
"3068","VANDERLUCIO"
"3069","VANDERSON"
"3070","VANDIR"
"3071","VANI"
"3072","VANIA"
"3073","VANILDA"
"3074","VANILDO"
"3075","VANILSON"
"3076","VANILZE"
"3077","VANIO"
"3078","VANTUIL"
"3079","VANTUIR"
"3080","VAQUIMAR"
"3081","VARTEIR"
"3082","VASCAINO"
"3083","VEIVISON"
"3084","VELUZIA"
"3085","VENANCIO"
"3086","VENICIO"
"3087","VENICIUS"
"3088","VENILTON"
"3089","VENINA"
"3090","VERA"
"3091","VERALUZ"
"3092","VERAN"
"3093","VERANILCE"
"3094","VERANILDA"
"3095","VEREDIANA"
"3096","VEREDINA"
"3097","VERGINIO"
"3098","VERONICA"
"3099","VICENTE"
"3100","VICENTINA"
"3101","VICIA"
"3102","VICTO"
"3103","VICTOR"
"3104","VICTORIA"
"3105","VICTORIO"
"3106","VILDA"
"3107","VILMA"
"3108","VILSON"
"3109","VINCENZO"
"3110","VINICIUS"
"3111","VIOVALDO"
"3112","VIRANDINO"
"3113","VIRGENTINA"
"3114","VIRGILINA"
"3115","VIRGILIO"
"3116","VIRGINIA"
"3117","VITAL"
"3118","VITALINO"
"3119","VITANILDA"
"3120","VITOR"
"3121","VITORIA"
"3122","VITORINO"
"3123","VITORIO"
"3124","VIVALDO"
"3125","VIVIAN"
"3126","VLADIMIR"
"3127","VOLMAR"
"3128","VOLMIR"
"3129","WADISON"
"3130","WADSON"
"3131","WAGNER"
"3132","WALACE"
"3133","WALASON"
"3134","WALBER"
"3135","WALDA"
"3136","WALDECY"
"3137","WALDECYR"
"3138","WALDEMAR"
"3139","WALDEMIR"
"3140","WALDEMIRO"
"3141","WALDINEY"
"3142","WALDIR"
"3143","WALDISA"
"3144","WALDISLEY"
"3145","WALDIVA"
"3146","WALDIVIO"
"3147","WALDOMIRO"
"3148","WALDYR"
"3149","WALESKA"
"3150","WALISON"
"3151","WALLACE"
"3152","WALLACY"
"3153","WALMIR"
"3154","WALMOR"
"3155","WALMYR"
"3156","WALQUIRIA"
"3157","WALTENCIR"
"3158","WALTER"
"3159","WALTHER"
"3160","WALYSSON"
"3161","WANDA"
"3162","WANDER"
"3163","WANDERCY"
"3164","WANDERLEA"
"3165","WANDERLEI"
"3166","WANDERLEY"
"3167","WANDERLUCIO"
"3168","WANDERSON"
"3169","WANDSMAN"
"3170","WANIA"
"3171","WANILDON"
"3172","WANOR"
"3173","WANTUIL"
"3174","WANTUIR"
"3175","WANYLLE"
"3176","WARGESTON"
"3177","WARLEY"
"3178","WASHINGTON"
"3179","WEBER"
"3180","WEBERSON"
"3181","WEDSON"
"3182","WEGTON"
"3183","WEILER"
"3184","WELBERT"
"3185","WELERSON"
"3186","WELESON"
"3187","WELINGTON"
"3188","WELITON"
"3189","WELLINGTON"
"3190","WELLINGUITON"
"3191","WELSOR"
"3192","WELTON"
"3193","WEMERSON"
"3194","WENCESLAU"
"3195","WENDEL"
"3196","WENDELL"
"3197","WENDER"
"3198","WENDERLEY"
"3199","WENDERSON"
"3200","WENILTON"
"3201","WERNER"
"3202","WERTHER"
"3203","WESDREY"
"3204","WESLEY"
"3205","WEVERTON"
"3206","WEYDER"
"3207","WIDES"
"3208","WILDA"
"3209","WILDES"
"3210","WILER"
"3211","WILIAM"
"3212","WILLES"
"3213","WILLIAM"
"3214","WILLIAN"
"3215","WILMA"
"3216","WILMON"
"3217","WILQUE"
"3218","WILSON"
"3219","WILTON"
"3220","WIRES"
"3221","WISLOR"
"3222","WLADYSLAW"
"3223","WLAMAR"
"3224","WOLMAR"
"3225","WOLMYR"
"3226","WOLNEY"
"3227","XERXES"
"3228","XISTO"
"3229","YASUO"
"3230","YEDA"
"3231","YEDDA"
"3232","YOLANDA"
"3233","YOLANDINA"
"3234","YOSHIMI"
"3235","YOVONE"
"3236","YVES"
"3237","YVETE"
"3238","YVETTE"
"3239","YVONETE"
"3240","YVONICE"
"3241","ZACARIAS"
"3242","ZAIDE"
"3243","ZAIRA"
"3244","ZANELLI"
"3245","ZARIFE"
"3246","ZARLY"
"3247","ZAUNIR"
"3248","ZEFERINO"
"3249","ZELIA"
"3250","ZÉLIA"
"3251","ZELINA"
"3252","ZELINDA"
"3253","ZELINDO"
"3254","ZELINO"
"3255","ZELITA"
"3256","ZELMA"
"3257","ZELY"
"3258","ZEMILTON"
"3259","ZENAIDE"
"3260","ZENAIR"
"3261","ZENI"
"3262","ZENILDA"
"3263","ZENITA"
"3264","ZENITH"
"3265","ZENITHI"
"3266","ZENO"
"3267","ZENOLINA"
"3268","ZENON"
"3269","ZENOR"
"3270","ZEQUI"
"3271","ZIED"
"3272","ZIEL"
"3273","ZILA"
"3274","ZILAH"
"3275","ZILDA"
"3276","ZILDE"
"3277","ZILMA"
"3278","ZILTON"
"3279","ZIMAR"
"3280","ZITA"
"3281","ZIZO"
"3282","ZORITA"
"3283","ZOROBABEL"
"3284","ZULEIDE"
"3285","ZULEIKA"
"3286","ZULLY"
"3287","ZULMIRA"
"3288","ZULMIRO"
"3289","ZUMARIO"
"3290","ZUMIRA"
"3291","ZWINGLIO"